"TABLE_SCHEMA","TABLE_NAME","COLUMN_NAME","IS_NULLABLE","DATA_TYPE","CHARACTER_MAXIMUM_LENGTH","COLUMN_DEFAULT"
"Person","Address","AddressID","NO","int","None","None"
"Person","Address","AddressLine1","NO","nvarchar","60","None"
"Person","Address","AddressLine2","YES","nvarchar","60","None"
"Person","Address","City","NO","nvarchar","30","None"
"Person","Address","PostalCode","NO","nvarchar","15","None"
"Person","Address","SpatialLocation","YES","geography","-1","None"
"Person","Address","rowguid","NO","uniqueidentifier","None","(newid())"
"Person","Address","ModifiedDate","NO","datetime","None","(getdate())"
"Person","Address","StateProvinceID","NO","int","None","None"
"Person","AddressType","AddressTypeID","NO","int","None","None"
"Person","AddressType","Name","NO","nvarchar","50","None"
"Person","AddressType","rowguid","NO","uniqueidentifier","None","(newid())"
"Person","AddressType","ModifiedDate","NO","datetime","None","(getdate())"
"dbo","AWBuildVersion","SystemInformationID","NO","tinyint","None","None"
"dbo","AWBuildVersion","Database Version","NO","nvarchar","25","None"
"dbo","AWBuildVersion","VersionDate","NO","datetime","None","None"
"dbo","AWBuildVersion","ModifiedDate","NO","datetime","None","(getdate())"
"Production","BillOfMaterials","BillOfMaterialsID","NO","int","None","None"
"Production","BillOfMaterials","StartDate","NO","datetime","None","(getdate())"
"Production","BillOfMaterials","EndDate","YES","datetime","None","None"
"Production","BillOfMaterials","BOMLevel","NO","smallint","None","None"
"Production","BillOfMaterials","PerAssemblyQty","NO","decimal","None","((1.00))"
"Production","BillOfMaterials","ModifiedDate","NO","datetime","None","(getdate())"
"Production","BillOfMaterials","UnitMeasureCode","NO","nchar","3","None"
"Production","BillOfMaterials","ProductAssemblyID","YES","int","None","None"
"Production","BillOfMaterials","ComponentID","NO","int","None","None"
"Person","BusinessEntity","BusinessEntityID","NO","int","None","None"
"Person","BusinessEntity","rowguid","NO","uniqueidentifier","None","(newid())"
"Person","BusinessEntity","ModifiedDate","NO","datetime","None","(getdate())"
"Person","BusinessEntityAddress","BusinessEntityID","NO","int","None","None"
"Person","BusinessEntityAddress","AddressID","NO","int","None","None"
"Person","BusinessEntityAddress","AddressTypeID","NO","int","None","None"
"Person","BusinessEntityAddress","rowguid","NO","uniqueidentifier","None","(newid())"
"Person","BusinessEntityAddress","ModifiedDate","NO","datetime","None","(getdate())"
"Person","BusinessEntityContact","BusinessEntityID","NO","int","None","None"
"Person","BusinessEntityContact","PersonID","NO","int","None","None"
"Person","BusinessEntityContact","ContactTypeID","NO","int","None","None"
"Person","BusinessEntityContact","rowguid","NO","uniqueidentifier","None","(newid())"
"Person","BusinessEntityContact","ModifiedDate","NO","datetime","None","(getdate())"
"Person","ContactType","ContactTypeID","NO","int","None","None"
"Person","ContactType","Name","NO","nvarchar","50","None"
"Person","ContactType","ModifiedDate","NO","datetime","None","(getdate())"
"Person","CountryRegion","CountryRegionCode","NO","nvarchar","3","None"
"Person","CountryRegion","Name","NO","nvarchar","50","None"
"Person","CountryRegion","ModifiedDate","NO","datetime","None","(getdate())"
"Sales","CountryRegionCurrency","CountryRegionCode","NO","nvarchar","3","None"
"Sales","CountryRegionCurrency","CurrencyCode","NO","nchar","3","None"
"Sales","CountryRegionCurrency","ModifiedDate","NO","datetime","None","(getdate())"
"Sales","CreditCard","CreditCardID","NO","int","None","None"
"Sales","CreditCard","CardType","NO","nvarchar","50","None"
"Sales","CreditCard","CardNumber","NO","nvarchar","25","None"
"Sales","CreditCard","ExpMonth","NO","tinyint","None","None"
"Sales","CreditCard","ExpYear","NO","smallint","None","None"
"Sales","CreditCard","ModifiedDate","NO","datetime","None","(getdate())"
"Production","Culture","CultureID","NO","nchar","6","None"
"Production","Culture","Name","NO","nvarchar","50","None"
"Production","Culture","ModifiedDate","NO","datetime","None","(getdate())"
"Sales","Currency","CurrencyCode","NO","nchar","3","None"
"Sales","Currency","Name","NO","nvarchar","50","None"
"Sales","Currency","ModifiedDate","NO","datetime","None","(getdate())"
"Sales","CurrencyRate","CurrencyRateID","NO","int","None","None"
"Sales","CurrencyRate","CurrencyRateDate","NO","datetime","None","None"
"Sales","CurrencyRate","AverageRate","NO","money","None","None"
"Sales","CurrencyRate","EndOfDayRate","NO","money","None","None"
"Sales","CurrencyRate","ModifiedDate","NO","datetime","None","(getdate())"
"Sales","CurrencyRate","FromCurrencyCode","NO","nchar","3","None"
"Sales","CurrencyRate","ToCurrencyCode","NO","nchar","3","None"
"Sales","Customer","CustomerID","NO","int","None","None"
"Sales","Customer","AccountNumber","NO","varchar","10","None"
"Sales","Customer","rowguid","NO","uniqueidentifier","None","(newid())"
"Sales","Customer","ModifiedDate","NO","datetime","None","(getdate())"
"Sales","Customer","PersonID","YES","int","None","None"
"Sales","Customer","StoreID","YES","int","None","None"
"Sales","Customer","TerritoryID","YES","int","None","None"
"dbo","DatabaseLog","DatabaseLogID","NO","int","None","None"
"dbo","DatabaseLog","PostTime","NO","datetime","None","None"
"dbo","DatabaseLog","DatabaseUser","NO","nvarchar","128","None"
"dbo","DatabaseLog","Event","NO","nvarchar","128","None"
"dbo","DatabaseLog","Schema","YES","nvarchar","128","None"
"dbo","DatabaseLog","Object","YES","nvarchar","128","None"
"dbo","DatabaseLog","TSQL","NO","nvarchar","-1","None"
"dbo","DatabaseLog","XmlEvent","NO","xml","-1","None"
"HumanResources","Department","DepartmentID","NO","smallint","None","None"
"HumanResources","Department","Name","NO","nvarchar","50","None"
"HumanResources","Department","GroupName","NO","nvarchar","50","None"
"HumanResources","Department","ModifiedDate","NO","datetime","None","(getdate())"
"Production","Document","DocumentNode","NO","hierarchyid","892","None"
"Production","Document","DocumentLevel","YES","smallint","None","None"
"Production","Document","Title","NO","nvarchar","50","None"
"Production","Document","FolderFlag","NO","bit","None","((0))"
"Production","Document","FileName","NO","nvarchar","400","None"
"Production","Document","FileExtension","NO","nvarchar","8","None"
"Production","Document","Revision","NO","nchar","5","None"
"Production","Document","ChangeNumber","NO","int","None","((0))"
"Production","Document","Status","NO","tinyint","None","None"
"Production","Document","DocumentSummary","YES","nvarchar","-1","None"
"Production","Document","Document","YES","varbinary","-1","None"
"Production","Document","rowguid","NO","uniqueidentifier","None","(newid())"
"Production","Document","ModifiedDate","NO","datetime","None","(getdate())"
"Production","Document","Owner","NO","int","None","None"
"Person","EmailAddress","BusinessEntityID","NO","int","None","None"
"Person","EmailAddress","EmailAddressID","NO","int","None","None"
"Person","EmailAddress","EmailAddress","YES","nvarchar","50","None"
"Person","EmailAddress","rowguid","NO","uniqueidentifier","None","(newid())"
"Person","EmailAddress","ModifiedDate","NO","datetime","None","(getdate())"
"HumanResources","Employee","BusinessEntityID","NO","int","None","None"
"HumanResources","Employee","NationalIDNumber","NO","nvarchar","15","None"
"HumanResources","Employee","LoginID","NO","nvarchar","256","None"
"HumanResources","Employee","OrganizationNode","YES","hierarchyid","892","None"
"HumanResources","Employee","OrganizationLevel","YES","smallint","None","None"
"HumanResources","Employee","JobTitle","NO","nvarchar","50","None"
"HumanResources","Employee","BirthDate","NO","date","None","None"
"HumanResources","Employee","MaritalStatus","NO","nchar","1","None"
"HumanResources","Employee","Gender","NO","nchar","1","None"
"HumanResources","Employee","HireDate","NO","date","None","None"
"HumanResources","Employee","SalariedFlag","NO","bit","None","((1))"
"HumanResources","Employee","VacationHours","NO","smallint","None","((0))"
"HumanResources","Employee","SickLeaveHours","NO","smallint","None","((0))"
"HumanResources","Employee","CurrentFlag","NO","bit","None","((1))"
"HumanResources","Employee","rowguid","NO","uniqueidentifier","None","(newid())"
"HumanResources","Employee","ModifiedDate","NO","datetime","None","(getdate())"
"HumanResources","EmployeeDepartmentHistory","BusinessEntityID","NO","int","None","None"
"HumanResources","EmployeeDepartmentHistory","DepartmentID","NO","smallint","None","None"
"HumanResources","EmployeeDepartmentHistory","ShiftID","NO","tinyint","None","None"
"HumanResources","EmployeeDepartmentHistory","StartDate","NO","date","None","None"
"HumanResources","EmployeeDepartmentHistory","EndDate","YES","date","None","None"
"HumanResources","EmployeeDepartmentHistory","ModifiedDate","NO","datetime","None","(getdate())"
"HumanResources","EmployeePayHistory","BusinessEntityID","NO","int","None","None"
"HumanResources","EmployeePayHistory","RateChangeDate","NO","datetime","None","None"
"HumanResources","EmployeePayHistory","Rate","NO","money","None","None"
"HumanResources","EmployeePayHistory","PayFrequency","NO","tinyint","None","None"
"HumanResources","EmployeePayHistory","ModifiedDate","NO","datetime","None","(getdate())"
"dbo","ErrorLog","ErrorLogID","NO","int","None","None"
"dbo","ErrorLog","ErrorTime","NO","datetime","None","(getdate())"
"dbo","ErrorLog","UserName","NO","nvarchar","128","None"
"dbo","ErrorLog","ErrorNumber","NO","int","None","None"
"dbo","ErrorLog","ErrorSeverity","YES","int","None","None"
"dbo","ErrorLog","ErrorState","YES","int","None","None"
"dbo","ErrorLog","ErrorProcedure","YES","nvarchar","126","None"
"dbo","ErrorLog","ErrorLine","YES","int","None","None"
"dbo","ErrorLog","ErrorMessage","NO","nvarchar","4000","None"
"Production","Illustration","IllustrationID","NO","int","None","None"
"Production","Illustration","Diagram","YES","xml","-1","None"
"Production","Illustration","ModifiedDate","NO","datetime","None","(getdate())"
"HumanResources","JobCandidate","JobCandidateID","NO","int","None","None"
"HumanResources","JobCandidate","Resume","YES","xml","-1","None"
"HumanResources","JobCandidate","ModifiedDate","NO","datetime","None","(getdate())"
"HumanResources","JobCandidate","BusinessEntityID","YES","int","None","None"
"Production","Location","LocationID","NO","smallint","None","None"
"Production","Location","Name","NO","nvarchar","50","None"
"Production","Location","CostRate","NO","smallmoney","None","((0.00))"
"Production","Location","Availability","NO","decimal","None","((0.00))"
"Production","Location","ModifiedDate","NO","datetime","None","(getdate())"
"Person","Password","BusinessEntityID","NO","int","None","None"
"Person","Password","PasswordHash","NO","varchar","128","None"
"Person","Password","PasswordSalt","NO","varchar","10","None"
"Person","Password","rowguid","NO","uniqueidentifier","None","(newid())"
"Person","Password","ModifiedDate","NO","datetime","None","(getdate())"
"Person","Person","BusinessEntityID","NO","int","None","None"
"Person","Person","PersonType","NO","nchar","2","None"
"Person","Person","NameStyle","NO","bit","None","((0))"
"Person","Person","Title","YES","nvarchar","8","None"
"Person","Person","FirstName","NO","nvarchar","50","None"
"Person","Person","MiddleName","YES","nvarchar","50","None"
"Person","Person","LastName","NO","nvarchar","50","None"
"Person","Person","Suffix","YES","nvarchar","10","None"
"Person","Person","EmailPromotion","NO","int","None","((0))"
"Person","Person","AdditionalContactInfo","YES","xml","-1","None"
"Person","Person","Demographics","YES","xml","-1","None"
"Person","Person","rowguid","NO","uniqueidentifier","None","(newid())"
"Person","Person","ModifiedDate","NO","datetime","None","(getdate())"
"Sales","PersonCreditCard","BusinessEntityID","NO","int","None","None"
"Sales","PersonCreditCard","CreditCardID","NO","int","None","None"
"Sales","PersonCreditCard","ModifiedDate","NO","datetime","None","(getdate())"
"Person","PersonPhone","BusinessEntityID","NO","int","None","None"
"Person","PersonPhone","PhoneNumber","NO","nvarchar","25","None"
"Person","PersonPhone","PhoneNumberTypeID","NO","int","None","None"
"Person","PersonPhone","ModifiedDate","NO","datetime","None","(getdate())"
"Person","PhoneNumberType","PhoneNumberTypeID","NO","int","None","None"
"Person","PhoneNumberType","Name","NO","nvarchar","50","None"
"Person","PhoneNumberType","ModifiedDate","NO","datetime","None","(getdate())"
"Production","Product","ProductID","NO","int","None","None"
"Production","Product","Name","NO","nvarchar","50","None"
"Production","Product","ProductNumber","NO","nvarchar","25","None"
"Production","Product","MakeFlag","NO","bit","None","((1))"
"Production","Product","FinishedGoodsFlag","NO","bit","None","((1))"
"Production","Product","Color","YES","nvarchar","15","None"
"Production","Product","SafetyStockLevel","NO","smallint","None","None"
"Production","Product","ReorderPoint","NO","smallint","None","None"
"Production","Product","StandardCost","NO","money","None","None"
"Production","Product","ListPrice","NO","money","None","None"
"Production","Product","Size","YES","nvarchar","5","None"
"Production","Product","Weight","YES","decimal","None","None"
"Production","Product","DaysToManufacture","NO","int","None","None"
"Production","Product","ProductLine","YES","nchar","2","None"
"Production","Product","Class","YES","nchar","2","None"
"Production","Product","Style","YES","nchar","2","None"
"Production","Product","SellStartDate","NO","datetime","None","None"
"Production","Product","SellEndDate","YES","datetime","None","None"
"Production","Product","DiscontinuedDate","YES","datetime","None","None"
"Production","Product","rowguid","NO","uniqueidentifier","None","(newid())"
"Production","Product","ModifiedDate","NO","datetime","None","(getdate())"
"Production","Product","ProductSubcategoryID","YES","int","None","None"
"Production","Product","ProductModelID","YES","int","None","None"
"Production","Product","SizeUnitMeasureCode","YES","nchar","3","None"
"Production","Product","WeightUnitMeasureCode","YES","nchar","3","None"
"Production","ProductCategory","ProductCategoryID","NO","int","None","None"
"Production","ProductCategory","Name","NO","nvarchar","50","None"
"Production","ProductCategory","rowguid","NO","uniqueidentifier","None","(newid())"
"Production","ProductCategory","ModifiedDate","NO","datetime","None","(getdate())"
"Production","ProductCostHistory","ProductID","NO","int","None","None"
"Production","ProductCostHistory","StartDate","NO","datetime","None","None"
"Production","ProductCostHistory","EndDate","YES","datetime","None","None"
"Production","ProductCostHistory","StandardCost","NO","money","None","None"
"Production","ProductCostHistory","ModifiedDate","NO","datetime","None","(getdate())"
"Production","ProductDescription","ProductDescriptionID","NO","int","None","None"
"Production","ProductDescription","Description","NO","nvarchar","400","None"
"Production","ProductDescription","rowguid","NO","uniqueidentifier","None","(newid())"
"Production","ProductDescription","ModifiedDate","NO","datetime","None","(getdate())"
"Production","ProductDocument","ProductID","NO","int","None","None"
"Production","ProductDocument","DocumentNode","NO","hierarchyid","892","None"
"Production","ProductDocument","ModifiedDate","NO","datetime","None","(getdate())"
"Production","ProductInventory","ProductID","NO","int","None","None"
"Production","ProductInventory","LocationID","NO","smallint","None","None"
"Production","ProductInventory","Shelf","NO","nvarchar","10","None"
"Production","ProductInventory","Bin","NO","tinyint","None","None"
"Production","ProductInventory","Quantity","NO","smallint","None","((0))"
"Production","ProductInventory","rowguid","NO","uniqueidentifier","None","(newid())"
"Production","ProductInventory","ModifiedDate","NO","datetime","None","(getdate())"
"Production","ProductListPriceHistory","ProductID","NO","int","None","None"
"Production","ProductListPriceHistory","StartDate","NO","datetime","None","None"
"Production","ProductListPriceHistory","EndDate","YES","datetime","None","None"
"Production","ProductListPriceHistory","ListPrice","NO","money","None","None"
"Production","ProductListPriceHistory","ModifiedDate","NO","datetime","None","(getdate())"
"Production","ProductModel","ProductModelID","NO","int","None","None"
"Production","ProductModel","Name","NO","nvarchar","50","None"
"Production","ProductModel","CatalogDescription","YES","xml","-1","None"
"Production","ProductModel","Instructions","YES","xml","-1","None"
"Production","ProductModel","rowguid","NO","uniqueidentifier","None","(newid())"
"Production","ProductModel","ModifiedDate","NO","datetime","None","(getdate())"
"Production","ProductModelIllustration","ProductModelID","NO","int","None","None"
"Production","ProductModelIllustration","IllustrationID","NO","int","None","None"
"Production","ProductModelIllustration","ModifiedDate","NO","datetime","None","(getdate())"
"Production","ProductModelProductDescriptionCulture","ProductModelID","NO","int","None","None"
"Production","ProductModelProductDescriptionCulture","ProductDescriptionID","NO","int","None","None"
"Production","ProductModelProductDescriptionCulture","CultureID","NO","nchar","6","None"
"Production","ProductModelProductDescriptionCulture","ModifiedDate","NO","datetime","None","(getdate())"
"Production","ProductPhoto","ProductPhotoID","NO","int","None","None"
"Production","ProductPhoto","ThumbNailPhoto","YES","varbinary","-1","None"
"Production","ProductPhoto","ThumbnailPhotoFileName","YES","nvarchar","50","None"
"Production","ProductPhoto","LargePhoto","YES","varbinary","-1","None"
"Production","ProductPhoto","LargePhotoFileName","YES","nvarchar","50","None"
"Production","ProductPhoto","ModifiedDate","NO","datetime","None","(getdate())"
"Production","ProductProductPhoto","ProductID","NO","int","None","None"
"Production","ProductProductPhoto","ProductPhotoID","NO","int","None","None"
"Production","ProductProductPhoto","Primary","NO","bit","None","((0))"
"Production","ProductProductPhoto","ModifiedDate","NO","datetime","None","(getdate())"
"Production","ProductReview","ProductReviewID","NO","int","None","None"
"Production","ProductReview","ReviewerName","NO","nvarchar","50","None"
"Production","ProductReview","ReviewDate","NO","datetime","None","(getdate())"
"Production","ProductReview","EmailAddress","NO","nvarchar","50","None"
"Production","ProductReview","Rating","NO","int","None","None"
"Production","ProductReview","Comments","YES","nvarchar","3850","None"
"Production","ProductReview","ModifiedDate","NO","datetime","None","(getdate())"
"Production","ProductReview","ProductID","NO","int","None","None"
"Production","ProductSubcategory","ProductSubcategoryID","NO","int","None","None"
"Production","ProductSubcategory","Name","NO","nvarchar","50","None"
"Production","ProductSubcategory","rowguid","NO","uniqueidentifier","None","(newid())"
"Production","ProductSubcategory","ModifiedDate","NO","datetime","None","(getdate())"
"Production","ProductSubcategory","ProductCategoryID","NO","int","None","None"
"Purchasing","ProductVendor","ProductID","NO","int","None","None"
"Purchasing","ProductVendor","BusinessEntityID","NO","int","None","None"
"Purchasing","ProductVendor","AverageLeadTime","NO","int","None","None"
"Purchasing","ProductVendor","StandardPrice","NO","money","None","None"
"Purchasing","ProductVendor","LastReceiptCost","YES","money","None","None"
"Purchasing","ProductVendor","LastReceiptDate","YES","datetime","None","None"
"Purchasing","ProductVendor","MinOrderQty","NO","int","None","None"
"Purchasing","ProductVendor","MaxOrderQty","NO","int","None","None"
"Purchasing","ProductVendor","OnOrderQty","YES","int","None","None"
"Purchasing","ProductVendor","ModifiedDate","NO","datetime","None","(getdate())"
"Purchasing","ProductVendor","UnitMeasureCode","NO","nchar","3","None"
"Purchasing","PurchaseOrderDetail","PurchaseOrderID","NO","int","None","None"
"Purchasing","PurchaseOrderDetail","PurchaseOrderDetailID","NO","int","None","None"
"Purchasing","PurchaseOrderDetail","DueDate","NO","datetime","None","None"
"Purchasing","PurchaseOrderDetail","OrderQty","NO","smallint","None","None"
"Purchasing","PurchaseOrderDetail","UnitPrice","NO","money","None","None"
"Purchasing","PurchaseOrderDetail","LineTotal","NO","money","None","None"
"Purchasing","PurchaseOrderDetail","ReceivedQty","NO","decimal","None","None"
"Purchasing","PurchaseOrderDetail","RejectedQty","NO","decimal","None","None"
"Purchasing","PurchaseOrderDetail","StockedQty","NO","decimal","None","None"
"Purchasing","PurchaseOrderDetail","ModifiedDate","NO","datetime","None","(getdate())"
"Purchasing","PurchaseOrderDetail","ProductID","NO","int","None","None"
"Purchasing","PurchaseOrderHeader","PurchaseOrderID","NO","int","None","None"
"Purchasing","PurchaseOrderHeader","RevisionNumber","NO","tinyint","None","((0))"
"Purchasing","PurchaseOrderHeader","Status","NO","tinyint","None","((1))"
"Purchasing","PurchaseOrderHeader","OrderDate","NO","datetime","None","(getdate())"
"Purchasing","PurchaseOrderHeader","ShipDate","YES","datetime","None","None"
"Purchasing","PurchaseOrderHeader","SubTotal","NO","money","None","((0.00))"
"Purchasing","PurchaseOrderHeader","TaxAmt","NO","money","None","((0.00))"
"Purchasing","PurchaseOrderHeader","Freight","NO","money","None","((0.00))"
"Purchasing","PurchaseOrderHeader","TotalDue","NO","money","None","None"
"Purchasing","PurchaseOrderHeader","ModifiedDate","NO","datetime","None","(getdate())"
"Purchasing","PurchaseOrderHeader","EmployeeID","NO","int","None","None"
"Purchasing","PurchaseOrderHeader","VendorID","NO","int","None","None"
"Purchasing","PurchaseOrderHeader","ShipMethodID","NO","int","None","None"
"Sales","SalesOrderDetail","SalesOrderID","NO","int","None","None"
"Sales","SalesOrderDetail","SalesOrderDetailID","NO","int","None","None"
"Sales","SalesOrderDetail","CarrierTrackingNumber","YES","nvarchar","25","None"
"Sales","SalesOrderDetail","OrderQty","NO","smallint","None","None"
"Sales","SalesOrderDetail","UnitPrice","NO","money","None","None"
"Sales","SalesOrderDetail","UnitPriceDiscount","NO","money","None","((0.0))"
"Sales","SalesOrderDetail","LineTotal","NO","numeric","None","None"
"Sales","SalesOrderDetail","rowguid","NO","uniqueidentifier","None","(newid())"
"Sales","SalesOrderDetail","ModifiedDate","NO","datetime","None","(getdate())"
"Sales","SalesOrderDetail","ProductID","NO","int","None","None"
"Sales","SalesOrderDetail","SpecialOfferID","NO","int","None","None"
"Sales","SalesOrderHeader","SalesOrderID","NO","int","None","None"
"Sales","SalesOrderHeader","RevisionNumber","NO","tinyint","None","((0))"
"Sales","SalesOrderHeader","OrderDate","NO","datetime","None","(getdate())"
"Sales","SalesOrderHeader","DueDate","NO","datetime","None","None"
"Sales","SalesOrderHeader","ShipDate","YES","datetime","None","None"
"Sales","SalesOrderHeader","Status","NO","tinyint","None","((1))"
"Sales","SalesOrderHeader","OnlineOrderFlag","NO","bit","None","((1))"
"Sales","SalesOrderHeader","SalesOrderNumber","NO","nvarchar","25","None"
"Sales","SalesOrderHeader","PurchaseOrderNumber","YES","nvarchar","25","None"
"Sales","SalesOrderHeader","AccountNumber","YES","nvarchar","15","None"
"Sales","SalesOrderHeader","CreditCardApprovalCode","YES","varchar","15","None"
"Sales","SalesOrderHeader","SubTotal","NO","money","None","((0.00))"
"Sales","SalesOrderHeader","TaxAmt","NO","money","None","((0.00))"
"Sales","SalesOrderHeader","Freight","NO","money","None","((0.00))"
"Sales","SalesOrderHeader","TotalDue","NO","money","None","None"
"Sales","SalesOrderHeader","Comment","YES","nvarchar","128","None"
"Sales","SalesOrderHeader","rowguid","NO","uniqueidentifier","None","(newid())"
"Sales","SalesOrderHeader","ModifiedDate","NO","datetime","None","(getdate())"
"Sales","SalesOrderHeader","CurrencyRateID","YES","int","None","None"
"Sales","SalesOrderHeader","CustomerID","NO","int","None","None"
"Sales","SalesOrderHeader","SalesPersonID","YES","int","None","None"
"Sales","SalesOrderHeader","TerritoryID","YES","int","None","None"
"Sales","SalesOrderHeader","BillToAddressID","NO","int","None","None"
"Sales","SalesOrderHeader","ShipToAddressID","NO","int","None","None"
"Sales","SalesOrderHeader","ShipMethodID","NO","int","None","None"
"Sales","SalesOrderHeader","CreditCardID","YES","int","None","None"
"Sales","SalesOrderHeaderSalesReason","SalesOrderID","NO","int","None","None"
"Sales","SalesOrderHeaderSalesReason","SalesReasonID","NO","int","None","None"
"Sales","SalesOrderHeaderSalesReason","ModifiedDate","NO","datetime","None","(getdate())"
"Sales","SalesPerson","BusinessEntityID","NO","int","None","None"
"Sales","SalesPerson","SalesQuota","YES","money","None","None"
"Sales","SalesPerson","Bonus","NO","money","None","((0.00))"
"Sales","SalesPerson","CommissionPct","NO","smallmoney","None","((0.00))"
"Sales","SalesPerson","SalesYTD","NO","money","None","((0.00))"
"Sales","SalesPerson","SalesLastYear","NO","money","None","((0.00))"
"Sales","SalesPerson","rowguid","NO","uniqueidentifier","None","(newid())"
"Sales","SalesPerson","ModifiedDate","NO","datetime","None","(getdate())"
"Sales","SalesPerson","TerritoryID","YES","int","None","None"
"Sales","SalesPersonQuotaHistory","BusinessEntityID","NO","int","None","None"
"Sales","SalesPersonQuotaHistory","QuotaDate","NO","datetime","None","None"
"Sales","SalesPersonQuotaHistory","SalesQuota","NO","money","None","None"
"Sales","SalesPersonQuotaHistory","rowguid","NO","uniqueidentifier","None","(newid())"
"Sales","SalesPersonQuotaHistory","ModifiedDate","NO","datetime","None","(getdate())"
"Sales","SalesReason","SalesReasonID","NO","int","None","None"
"Sales","SalesReason","Name","NO","nvarchar","50","None"
"Sales","SalesReason","ReasonType","NO","nvarchar","50","None"
"Sales","SalesReason","ModifiedDate","NO","datetime","None","(getdate())"
"Sales","SalesTaxRate","SalesTaxRateID","NO","int","None","None"
"Sales","SalesTaxRate","TaxType","NO","tinyint","None","None"
"Sales","SalesTaxRate","TaxRate","NO","smallmoney","None","((0.00))"
"Sales","SalesTaxRate","Name","NO","nvarchar","50","None"
"Sales","SalesTaxRate","rowguid","NO","uniqueidentifier","None","(newid())"
"Sales","SalesTaxRate","ModifiedDate","NO","datetime","None","(getdate())"
"Sales","SalesTaxRate","StateProvinceID","NO","int","None","None"
"Sales","SalesTerritory","TerritoryID","NO","int","None","None"
"Sales","SalesTerritory","Name","NO","nvarchar","50","None"
"Sales","SalesTerritory","Group","NO","nvarchar","50","None"
"Sales","SalesTerritory","SalesYTD","NO","money","None","((0.00))"
"Sales","SalesTerritory","SalesLastYear","NO","money","None","((0.00))"
"Sales","SalesTerritory","CostYTD","NO","money","None","((0.00))"
"Sales","SalesTerritory","CostLastYear","NO","money","None","((0.00))"
"Sales","SalesTerritory","rowguid","NO","uniqueidentifier","None","(newid())"
"Sales","SalesTerritory","ModifiedDate","NO","datetime","None","(getdate())"
"Sales","SalesTerritory","CountryRegionCode","NO","nvarchar","3","None"
"Sales","SalesTerritoryHistory","BusinessEntityID","NO","int","None","None"
"Sales","SalesTerritoryHistory","TerritoryID","NO","int","None","None"
"Sales","SalesTerritoryHistory","StartDate","NO","datetime","None","None"
"Sales","SalesTerritoryHistory","EndDate","YES","datetime","None","None"
"Sales","SalesTerritoryHistory","rowguid","NO","uniqueidentifier","None","(newid())"
"Sales","SalesTerritoryHistory","ModifiedDate","NO","datetime","None","(getdate())"
"Production","ScrapReason","ScrapReasonID","NO","smallint","None","None"
"Production","ScrapReason","Name","NO","nvarchar","50","None"
"Production","ScrapReason","ModifiedDate","NO","datetime","None","(getdate())"
"HumanResources","Shift","ShiftID","NO","tinyint","None","None"
"HumanResources","Shift","Name","NO","nvarchar","50","None"
"HumanResources","Shift","StartTime","NO","time","None","None"
"HumanResources","Shift","EndTime","NO","time","None","None"
"HumanResources","Shift","ModifiedDate","NO","datetime","None","(getdate())"
"Purchasing","ShipMethod","ShipMethodID","NO","int","None","None"
"Purchasing","ShipMethod","Name","NO","nvarchar","50","None"
"Purchasing","ShipMethod","ShipBase","NO","money","None","((0.00))"
"Purchasing","ShipMethod","ShipRate","NO","money","None","((0.00))"
"Purchasing","ShipMethod","rowguid","NO","uniqueidentifier","None","(newid())"
"Purchasing","ShipMethod","ModifiedDate","NO","datetime","None","(getdate())"
"Sales","ShoppingCartItem","ShoppingCartItemID","NO","int","None","None"
"Sales","ShoppingCartItem","ShoppingCartID","NO","nvarchar","50","None"
"Sales","ShoppingCartItem","Quantity","NO","int","None","((1))"
"Sales","ShoppingCartItem","DateCreated","NO","datetime","None","(getdate())"
"Sales","ShoppingCartItem","ModifiedDate","NO","datetime","None","(getdate())"
"Sales","ShoppingCartItem","ProductID","NO","int","None","None"
"Sales","SpecialOffer","SpecialOfferID","NO","int","None","None"
"Sales","SpecialOffer","Description","NO","nvarchar","255","None"
"Sales","SpecialOffer","DiscountPct","NO","smallmoney","None","((0.00))"
"Sales","SpecialOffer","Type","NO","nvarchar","50","None"
"Sales","SpecialOffer","Category","NO","nvarchar","50","None"
"Sales","SpecialOffer","StartDate","NO","datetime","None","None"
"Sales","SpecialOffer","EndDate","NO","datetime","None","None"
"Sales","SpecialOffer","MinQty","NO","int","None","((0))"
"Sales","SpecialOffer","MaxQty","YES","int","None","None"
"Sales","SpecialOffer","rowguid","NO","uniqueidentifier","None","(newid())"
"Sales","SpecialOffer","ModifiedDate","NO","datetime","None","(getdate())"
"Sales","SpecialOfferProduct","SpecialOfferID","NO","int","None","None"
"Sales","SpecialOfferProduct","ProductID","NO","int","None","None"
"Sales","SpecialOfferProduct","rowguid","NO","uniqueidentifier","None","(newid())"
"Sales","SpecialOfferProduct","ModifiedDate","NO","datetime","None","(getdate())"
"Person","StateProvince","StateProvinceID","NO","int","None","None"
"Person","StateProvince","StateProvinceCode","NO","nchar","3","None"
"Person","StateProvince","IsOnlyStateProvinceFlag","NO","bit","None","((1))"
"Person","StateProvince","Name","NO","nvarchar","50","None"
"Person","StateProvince","rowguid","NO","uniqueidentifier","None","(newid())"
"Person","StateProvince","ModifiedDate","NO","datetime","None","(getdate())"
"Person","StateProvince","TerritoryID","NO","int","None","None"
"Person","StateProvince","CountryRegionCode","NO","nvarchar","3","None"
"Sales","Store","BusinessEntityID","NO","int","None","None"
"Sales","Store","Name","NO","nvarchar","50","None"
"Sales","Store","Demographics","YES","xml","-1","None"
"Sales","Store","rowguid","NO","uniqueidentifier","None","(newid())"
"Sales","Store","ModifiedDate","NO","datetime","None","(getdate())"
"Sales","Store","SalesPersonID","YES","int","None","None"
"Production","TransactionHistory","TransactionID","NO","int","None","None"
"Production","TransactionHistory","ReferenceOrderID","NO","int","None","None"
"Production","TransactionHistory","ReferenceOrderLineID","NO","int","None","((0))"
"Production","TransactionHistory","TransactionDate","NO","datetime","None","(getdate())"
"Production","TransactionHistory","TransactionType","NO","nchar","1","None"
"Production","TransactionHistory","Quantity","NO","int","None","None"
"Production","TransactionHistory","ActualCost","NO","money","None","None"
"Production","TransactionHistory","ModifiedDate","NO","datetime","None","(getdate())"
"Production","TransactionHistory","ProductID","NO","int","None","None"
"Production","TransactionHistoryArchive","TransactionID","NO","int","None","None"
"Production","TransactionHistoryArchive","ProductID","NO","int","None","None"
"Production","TransactionHistoryArchive","ReferenceOrderID","NO","int","None","None"
"Production","TransactionHistoryArchive","ReferenceOrderLineID","NO","int","None","((0))"
"Production","TransactionHistoryArchive","TransactionDate","NO","datetime","None","(getdate())"
"Production","TransactionHistoryArchive","TransactionType","NO","nchar","1","None"
"Production","TransactionHistoryArchive","Quantity","NO","int","None","None"
"Production","TransactionHistoryArchive","ActualCost","NO","money","None","None"
"Production","TransactionHistoryArchive","ModifiedDate","NO","datetime","None","(getdate())"
"Production","UnitMeasure","UnitMeasureCode","NO","nchar","3","None"
"Production","UnitMeasure","Name","NO","nvarchar","50","None"
"Production","UnitMeasure","ModifiedDate","NO","datetime","None","(getdate())"
"Purchasing","Vendor","BusinessEntityID","NO","int","None","None"
"Purchasing","Vendor","AccountNumber","NO","nvarchar","15","None"
"Purchasing","Vendor","Name","NO","nvarchar","50","None"
"Purchasing","Vendor","CreditRating","NO","tinyint","None","None"
"Purchasing","Vendor","PreferredVendorStatus","NO","bit","None","((1))"
"Purchasing","Vendor","ActiveFlag","NO","bit","None","((1))"
"Purchasing","Vendor","PurchasingWebServiceURL","YES","nvarchar","1024","None"
"Purchasing","Vendor","ModifiedDate","NO","datetime","None","(getdate())"
"Production","WorkOrder","WorkOrderID","NO","int","None","None"
"Production","WorkOrder","OrderQty","NO","int","None","None"
"Production","WorkOrder","StockedQty","NO","int","None","None"
"Production","WorkOrder","ScrappedQty","NO","smallint","None","None"
"Production","WorkOrder","StartDate","NO","datetime","None","None"
"Production","WorkOrder","EndDate","YES","datetime","None","None"
"Production","WorkOrder","DueDate","NO","datetime","None","None"
"Production","WorkOrder","ModifiedDate","NO","datetime","None","(getdate())"
"Production","WorkOrder","ProductID","NO","int","None","None"
"Production","WorkOrder","ScrapReasonID","YES","smallint","None","None"
"Production","WorkOrderRouting","WorkOrderID","NO","int","None","None"
"Production","WorkOrderRouting","ProductID","NO","int","None","None"
"Production","WorkOrderRouting","OperationSequence","NO","smallint","None","None"
"Production","WorkOrderRouting","ScheduledStartDate","NO","datetime","None","None"
"Production","WorkOrderRouting","ScheduledEndDate","NO","datetime","None","None"
"Production","WorkOrderRouting","ActualStartDate","YES","datetime","None","None"
"Production","WorkOrderRouting","ActualEndDate","YES","datetime","None","None"
"Production","WorkOrderRouting","ActualResourceHrs","YES","decimal","None","None"
"Production","WorkOrderRouting","PlannedCost","NO","money","None","None"
"Production","WorkOrderRouting","ActualCost","YES","money","None","None"
"Production","WorkOrderRouting","ModifiedDate","NO","datetime","None","(getdate())"
"Production","WorkOrderRouting","LocationID","NO","smallint","None","None"
