"TABLE","TABLE_ROWS","COMBI_FIELDS_NAME","FIELD_NAME_1","FIELD_NAME_2","TOTAL_NULL_ROWS","TOTAL_NOT_NULL_ROWS"
"RIGHTS.DATABASECHANGELOG","0","AUTHOR , COMMENTS","AUTHOR","COMMENTS","0","0"
"RIGHTS.DATABASECHANGELOG","0","AUTHOR , MD5SUM","AUTHOR","MD5SUM","0","0"
"RIGHTS.DATABASECHANGELOG","0","AUTHOR , ORDEREXECUTED","AUTHOR","ORDEREXECUTED","0","0"
"RIGHTS.DATABASECHANGELOG","0","AUTHOR , TAG","AUTHOR","TAG","0","0"
"RIGHTS.DATABASECHANGELOG","0","COMMENTS , CONTEXTS","COMMENTS","CONTEXTS","0","0"
"RIGHTS.DATABASECHANGELOG","0","COMMENTS , DATEEXECUTED","COMMENTS","DATEEXECUTED","0","0"
"RIGHTS.DATABASECHANGELOG","0","COMMENTS , DESCRIPTION","COMMENTS","DESCRIPTION","0","0"
"RIGHTS.DATABASECHANGELOG","0","COMMENTS , EXECTYPE","COMMENTS","EXECTYPE","0","0"
"RIGHTS.DATABASECHANGELOG","0","COMMENTS , FILENAME","COMMENTS","FILENAME","0","0"
"RIGHTS.DATABASECHANGELOG","0","COMMENTS , ID","COMMENTS","ID","0","0"
"RIGHTS.DATABASECHANGELOG","0","COMMENTS , LABELS","COMMENTS","LABELS","0","0"
"RIGHTS.DATABASECHANGELOG","0","AUTHOR , CONTEXTS","AUTHOR","CONTEXTS","0","0"
"RIGHTS.DATABASECHANGELOG","0","COMMENTS , LIQUIBASE","COMMENTS","LIQUIBASE","0","0"
"RIGHTS.DATABASECHANGELOG","0","COMMENTS , MD5SUM","COMMENTS","MD5SUM","0","0"
"RIGHTS.DATABASECHANGELOG","0","COMMENTS , ORDEREXECUTED","COMMENTS","ORDEREXECUTED","0","0"
"RIGHTS.DATABASECHANGELOG","0","COMMENTS , TAG","COMMENTS","TAG","0","0"
"RIGHTS.DATABASECHANGELOG","0","CONTEXTS , DATEEXECUTED","CONTEXTS","DATEEXECUTED","0","0"
"RIGHTS.DATABASECHANGELOG","0","CONTEXTS , DESCRIPTION","CONTEXTS","DESCRIPTION","0","0"
"RIGHTS.DATABASECHANGELOG","0","CONTEXTS , EXECTYPE","CONTEXTS","EXECTYPE","0","0"
"RIGHTS.DATABASECHANGELOG","0","CONTEXTS , FILENAME","CONTEXTS","FILENAME","0","0"
"RIGHTS.DATABASECHANGELOG","0","CONTEXTS , ID","CONTEXTS","ID","0","0"
"RIGHTS.DATABASECHANGELOG","0","CONTEXTS , LABELS","CONTEXTS","LABELS","0","0"
"RIGHTS.DATABASECHANGELOG","0","AUTHOR , DATEEXECUTED","AUTHOR","DATEEXECUTED","0","0"
"RIGHTS.DATABASECHANGELOG","0","CONTEXTS , LIQUIBASE","CONTEXTS","LIQUIBASE","0","0"
"RIGHTS.DATABASECHANGELOG","0","CONTEXTS , MD5SUM","CONTEXTS","MD5SUM","0","0"
"RIGHTS.DATABASECHANGELOG","0","CONTEXTS , ORDEREXECUTED","CONTEXTS","ORDEREXECUTED","0","0"
"RIGHTS.DATABASECHANGELOG","0","CONTEXTS , TAG","CONTEXTS","TAG","0","0"
"RIGHTS.DATABASECHANGELOG","0","DATEEXECUTED , DESCRIPTION","DATEEXECUTED","DESCRIPTION","0","0"
"RIGHTS.DATABASECHANGELOG","0","DATEEXECUTED , EXECTYPE","DATEEXECUTED","EXECTYPE","0","0"
"RIGHTS.DATABASECHANGELOG","0","DATEEXECUTED , FILENAME","DATEEXECUTED","FILENAME","0","0"
"RIGHTS.DATABASECHANGELOG","0","DATEEXECUTED , ID","DATEEXECUTED","ID","0","0"
"RIGHTS.DATABASECHANGELOG","0","DATEEXECUTED , LABELS","DATEEXECUTED","LABELS","0","0"
"RIGHTS.DATABASECHANGELOG","0","DATEEXECUTED , LIQUIBASE","DATEEXECUTED","LIQUIBASE","0","0"
"RIGHTS.DATABASECHANGELOG","0","AUTHOR , DESCRIPTION","AUTHOR","DESCRIPTION","0","0"
"RIGHTS.DATABASECHANGELOG","0","DATEEXECUTED , MD5SUM","DATEEXECUTED","MD5SUM","0","0"
"RIGHTS.DATABASECHANGELOG","0","DATEEXECUTED , ORDEREXECUTED","DATEEXECUTED","ORDEREXECUTED","0","0"
"RIGHTS.DATABASECHANGELOG","0","DATEEXECUTED , TAG","DATEEXECUTED","TAG","0","0"
"RIGHTS.DATABASECHANGELOG","0","DESCRIPTION , EXECTYPE","DESCRIPTION","EXECTYPE","0","0"
"RIGHTS.DATABASECHANGELOG","0","DESCRIPTION , FILENAME","DESCRIPTION","FILENAME","0","0"
"RIGHTS.DATABASECHANGELOG","0","DESCRIPTION , ID","DESCRIPTION","ID","0","0"
"RIGHTS.DATABASECHANGELOG","0","DESCRIPTION , LABELS","DESCRIPTION","LABELS","0","0"
"RIGHTS.DATABASECHANGELOG","0","DESCRIPTION , LIQUIBASE","DESCRIPTION","LIQUIBASE","0","0"
"RIGHTS.DATABASECHANGELOG","0","DESCRIPTION , MD5SUM","DESCRIPTION","MD5SUM","0","0"
"RIGHTS.DATABASECHANGELOG","0","DESCRIPTION , ORDEREXECUTED","DESCRIPTION","ORDEREXECUTED","0","0"
"RIGHTS.DATABASECHANGELOG","0","AUTHOR , EXECTYPE","AUTHOR","EXECTYPE","0","0"
"RIGHTS.DATABASECHANGELOG","0","DESCRIPTION , TAG","DESCRIPTION","TAG","0","0"
"RIGHTS.DATABASECHANGELOG","0","EXECTYPE , FILENAME","EXECTYPE","FILENAME","0","0"
"RIGHTS.DATABASECHANGELOG","0","EXECTYPE , ID","EXECTYPE","ID","0","0"
"RIGHTS.DATABASECHANGELOG","0","EXECTYPE , LABELS","EXECTYPE","LABELS","0","0"
"RIGHTS.DATABASECHANGELOG","0","EXECTYPE , LIQUIBASE","EXECTYPE","LIQUIBASE","0","0"
"RIGHTS.DATABASECHANGELOG","0","EXECTYPE , MD5SUM","EXECTYPE","MD5SUM","0","0"
"RIGHTS.DATABASECHANGELOG","0","EXECTYPE , ORDEREXECUTED","EXECTYPE","ORDEREXECUTED","0","0"
"RIGHTS.DATABASECHANGELOG","0","EXECTYPE , TAG","EXECTYPE","TAG","0","0"
"RIGHTS.DATABASECHANGELOG","0","FILENAME , ID","FILENAME","ID","0","0"
"RIGHTS.DATABASECHANGELOG","0","FILENAME , LABELS","FILENAME","LABELS","0","0"
"RIGHTS.DATABASECHANGELOG","0","AUTHOR , FILENAME","AUTHOR","FILENAME","0","0"
"RIGHTS.DATABASECHANGELOG","0","FILENAME , LIQUIBASE","FILENAME","LIQUIBASE","0","0"
"RIGHTS.DATABASECHANGELOG","0","FILENAME , MD5SUM","FILENAME","MD5SUM","0","0"
"RIGHTS.DATABASECHANGELOG","0","FILENAME , ORDEREXECUTED","FILENAME","ORDEREXECUTED","0","0"
"RIGHTS.DATABASECHANGELOG","0","FILENAME , TAG","FILENAME","TAG","0","0"
"RIGHTS.DATABASECHANGELOG","0","ID , LABELS","ID","LABELS","0","0"
"RIGHTS.DATABASECHANGELOG","0","ID , LIQUIBASE","ID","LIQUIBASE","0","0"
"RIGHTS.DATABASECHANGELOG","0","ID , MD5SUM","ID","MD5SUM","0","0"
"RIGHTS.DATABASECHANGELOG","0","ID , ORDEREXECUTED","ID","ORDEREXECUTED","0","0"
"RIGHTS.DATABASECHANGELOG","0","ID , TAG","ID","TAG","0","0"
"RIGHTS.DATABASECHANGELOG","0","LABELS , LIQUIBASE","LABELS","LIQUIBASE","0","0"
"RIGHTS.DATABASECHANGELOG","0","AUTHOR , ID","AUTHOR","ID","0","0"
"RIGHTS.DATABASECHANGELOG","0","LABELS , MD5SUM","LABELS","MD5SUM","0","0"
"RIGHTS.DATABASECHANGELOG","0","LABELS , ORDEREXECUTED","LABELS","ORDEREXECUTED","0","0"
"RIGHTS.DATABASECHANGELOG","0","LABELS , TAG","LABELS","TAG","0","0"
"RIGHTS.DATABASECHANGELOG","0","LIQUIBASE , MD5SUM","LIQUIBASE","MD5SUM","0","0"
"RIGHTS.DATABASECHANGELOG","0","LIQUIBASE , ORDEREXECUTED","LIQUIBASE","ORDEREXECUTED","0","0"
"RIGHTS.DATABASECHANGELOG","0","LIQUIBASE , TAG","LIQUIBASE","TAG","0","0"
"RIGHTS.DATABASECHANGELOG","0","MD5SUM , ORDEREXECUTED","MD5SUM","ORDEREXECUTED","0","0"
"RIGHTS.DATABASECHANGELOG","0","MD5SUM , TAG","MD5SUM","TAG","0","0"
"RIGHTS.DATABASECHANGELOG","0","ORDEREXECUTED , TAG","ORDEREXECUTED","TAG","0","0"
"RIGHTS.DATABASECHANGELOG","0","AUTHOR , LABELS","AUTHOR","LABELS","0","0"
"RIGHTS.DATABASECHANGELOG","0","AUTHOR , LIQUIBASE","AUTHOR","LIQUIBASE","0","0"
"RIGHTS.DATABASECHANGELOGLOCK","0","ID , LOCKED","ID","LOCKED","0","0"
"RIGHTS.DATABASECHANGELOGLOCK","0","ID , LOCKEDBY","ID","LOCKEDBY","0","0"
"RIGHTS.DATABASECHANGELOGLOCK","0","ID , LOCKGRANTED","ID","LOCKGRANTED","0","0"
"RIGHTS.DATABASECHANGELOGLOCK","0","LOCKED , LOCKEDBY","LOCKED","LOCKEDBY","0","0"
"RIGHTS.DATABASECHANGELOGLOCK","0","LOCKED , LOCKGRANTED","LOCKED","LOCKGRANTED","0","0"
"RIGHTS.DATABASECHANGELOGLOCK","0","LOCKEDBY , LOCKGRANTED","LOCKEDBY","LOCKGRANTED","0","0"
"RIGHTS.RIG_MATRIX_LCD","149,869","C_FR_DATE , C_ID","C_FR_DATE","C_ID","0","149,869"
"RIGHTS.RIG_MATRIX_LCD","149,869","C_FR_DATE , RIG_TIR_ID_SEQ","C_FR_DATE","RIG_TIR_ID_SEQ","0","149,869"
"RIGHTS.RIG_MATRIX_LCD","149,869","M_ID , M_QTY","M_ID","M_QTY","0","149,869"
"RIGHTS.RIG_MATRIX_LCD","149,869","M_ID , M_TO_DATE","M_ID","M_TO_DATE","0","149,869"
"RIGHTS.RIG_MATRIX_LCD","149,869","M_ID , RH_ID","M_ID","RH_ID","0","149,869"
"RIGHTS.RIG_MATRIX_LCD","149,869","M_ID , RIG_TIR_ID_SEQ","M_ID","RIG_TIR_ID_SEQ","0","149,869"
"RIGHTS.RIG_MATRIX_LCD","149,869","M_ID , S_FR_DATE","M_ID","S_FR_DATE","0","149,869"
"RIGHTS.RIG_MATRIX_LCD","149,869","M_ID , S_GRP_ID","M_ID","S_GRP_ID","0","149,869"
"RIGHTS.RIG_MATRIX_LCD","149,869","M_ID , S_ID","M_ID","S_ID","0","149,869"
"RIGHTS.RIG_MATRIX_LCD","149,869","M_ID , S_QTY","M_ID","S_QTY","0","149,869"
"RIGHTS.RIG_MATRIX_LCD","149,869","M_ID , S_TO_DATE","M_ID","S_TO_DATE","0","149,869"
"RIGHTS.RIG_MATRIX_LCD","149,869","M_ID , TL_FR_DATE","M_ID","TL_FR_DATE","0","149,869"
"RIGHTS.RIG_MATRIX_LCD","149,869","C_FR_DATE , S_FR_DATE","C_FR_DATE","S_FR_DATE","0","149,869"
"RIGHTS.RIG_MATRIX_LCD","149,869","M_ID , TL_TO_DATE","M_ID","TL_TO_DATE","0","149,869"
"RIGHTS.RIG_MATRIX_LCD","149,869","M_ID , T_GRP_ID","M_ID","T_GRP_ID","0","149,869"
"RIGHTS.RIG_MATRIX_LCD","149,869","M_ID , T_ID","M_ID","T_ID","0","149,869"
"RIGHTS.RIG_MATRIX_LCD","149,869","M_QTY , M_TO_DATE","M_QTY","M_TO_DATE","0","149,869"
"RIGHTS.RIG_MATRIX_LCD","149,869","M_QTY , RH_ID","M_QTY","RH_ID","0","149,869"
"RIGHTS.RIG_MATRIX_LCD","149,869","M_QTY , RIG_TIR_ID_SEQ","M_QTY","RIG_TIR_ID_SEQ","0","149,869"
"RIGHTS.RIG_MATRIX_LCD","149,869","M_QTY , S_FR_DATE","M_QTY","S_FR_DATE","0","149,869"
"RIGHTS.RIG_MATRIX_LCD","149,869","M_QTY , S_GRP_ID","M_QTY","S_GRP_ID","0","149,869"
"RIGHTS.RIG_MATRIX_LCD","149,869","M_QTY , S_ID","M_QTY","S_ID","0","149,869"
"RIGHTS.RIG_MATRIX_LCD","149,869","M_QTY , S_QTY","M_QTY","S_QTY","0","149,869"
"RIGHTS.RIG_MATRIX_LCD","149,869","C_FR_DATE , S_GRP_ID","C_FR_DATE","S_GRP_ID","0","149,869"
"RIGHTS.RIG_MATRIX_LCD","149,869","M_QTY , S_TO_DATE","M_QTY","S_TO_DATE","0","149,869"
"RIGHTS.RIG_MATRIX_LCD","149,869","M_QTY , TL_FR_DATE","M_QTY","TL_FR_DATE","0","149,869"
"RIGHTS.RIG_MATRIX_LCD","149,869","M_QTY , TL_TO_DATE","M_QTY","TL_TO_DATE","0","149,869"
"RIGHTS.RIG_MATRIX_LCD","149,869","M_QTY , T_GRP_ID","M_QTY","T_GRP_ID","0","149,869"
"RIGHTS.RIG_MATRIX_LCD","149,869","M_QTY , T_ID","M_QTY","T_ID","0","149,869"
"RIGHTS.RIG_MATRIX_LCD","149,869","M_TO_DATE , RH_ID","M_TO_DATE","RH_ID","0","149,869"
"RIGHTS.RIG_MATRIX_LCD","149,869","M_TO_DATE , RIG_TIR_ID_SEQ","M_TO_DATE","RIG_TIR_ID_SEQ","0","149,869"
"RIGHTS.RIG_MATRIX_LCD","149,869","M_TO_DATE , S_FR_DATE","M_TO_DATE","S_FR_DATE","0","149,869"
"RIGHTS.RIG_MATRIX_LCD","149,869","M_TO_DATE , S_GRP_ID","M_TO_DATE","S_GRP_ID","0","149,869"
"RIGHTS.RIG_MATRIX_LCD","149,869","M_TO_DATE , S_ID","M_TO_DATE","S_ID","0","149,869"
"RIGHTS.RIG_MATRIX_LCD","149,869","C_FR_DATE , S_ID","C_FR_DATE","S_ID","0","149,869"
"RIGHTS.RIG_MATRIX_LCD","149,869","M_TO_DATE , S_QTY","M_TO_DATE","S_QTY","0","149,869"
"RIGHTS.RIG_MATRIX_LCD","149,869","M_TO_DATE , S_TO_DATE","M_TO_DATE","S_TO_DATE","0","149,869"
"RIGHTS.RIG_MATRIX_LCD","149,869","M_TO_DATE , TL_FR_DATE","M_TO_DATE","TL_FR_DATE","0","149,869"
"RIGHTS.RIG_MATRIX_LCD","149,869","M_TO_DATE , TL_TO_DATE","M_TO_DATE","TL_TO_DATE","0","149,869"
"RIGHTS.RIG_MATRIX_LCD","149,869","M_TO_DATE , T_GRP_ID","M_TO_DATE","T_GRP_ID","0","149,869"
"RIGHTS.RIG_MATRIX_LCD","149,869","M_TO_DATE , T_ID","M_TO_DATE","T_ID","0","149,869"
"RIGHTS.RIG_MATRIX_LCD","149,869","RH_ID , RIG_TIR_ID_SEQ","RH_ID","RIG_TIR_ID_SEQ","0","149,869"
"RIGHTS.RIG_MATRIX_LCD","149,869","RH_ID , S_FR_DATE","RH_ID","S_FR_DATE","0","149,869"
"RIGHTS.RIG_MATRIX_LCD","149,869","RH_ID , S_GRP_ID","RH_ID","S_GRP_ID","0","149,869"
"RIGHTS.RIG_MATRIX_LCD","149,869","RH_ID , S_ID","RH_ID","S_ID","0","149,869"
"RIGHTS.RIG_MATRIX_LCD","149,869","C_FR_DATE , S_QTY","C_FR_DATE","S_QTY","0","149,869"
"RIGHTS.RIG_MATRIX_LCD","149,869","RH_ID , S_QTY","RH_ID","S_QTY","0","149,869"
"RIGHTS.RIG_MATRIX_LCD","149,869","RH_ID , S_TO_DATE","RH_ID","S_TO_DATE","0","149,869"
"RIGHTS.RIG_MATRIX_LCD","149,869","RH_ID , TL_FR_DATE","RH_ID","TL_FR_DATE","0","149,869"
"RIGHTS.RIG_MATRIX_LCD","149,869","RH_ID , TL_TO_DATE","RH_ID","TL_TO_DATE","0","149,869"
"RIGHTS.RIG_MATRIX_LCD","149,869","RH_ID , T_GRP_ID","RH_ID","T_GRP_ID","0","149,869"
"RIGHTS.RIG_MATRIX_LCD","149,869","RH_ID , T_ID","RH_ID","T_ID","0","149,869"
"RIGHTS.RIG_MATRIX_LCD","149,869","RIG_TIR_ID_SEQ , S_FR_DATE","RIG_TIR_ID_SEQ","S_FR_DATE","0","149,869"
"RIGHTS.RIG_MATRIX_LCD","149,869","RIG_TIR_ID_SEQ , S_GRP_ID","RIG_TIR_ID_SEQ","S_GRP_ID","0","149,869"
"RIGHTS.RIG_MATRIX_LCD","149,869","RIG_TIR_ID_SEQ , S_ID","RIG_TIR_ID_SEQ","S_ID","0","149,869"
"RIGHTS.RIG_MATRIX_LCD","149,869","RIG_TIR_ID_SEQ , S_QTY","RIG_TIR_ID_SEQ","S_QTY","0","149,869"
"RIGHTS.RIG_MATRIX_LCD","149,869","C_FR_DATE , S_TO_DATE","C_FR_DATE","S_TO_DATE","0","149,869"
"RIGHTS.RIG_MATRIX_LCD","149,869","RIG_TIR_ID_SEQ , S_TO_DATE","RIG_TIR_ID_SEQ","S_TO_DATE","0","149,869"
"RIGHTS.RIG_MATRIX_LCD","149,869","RIG_TIR_ID_SEQ , TL_FR_DATE","RIG_TIR_ID_SEQ","TL_FR_DATE","0","149,869"
"RIGHTS.RIG_MATRIX_LCD","149,869","RIG_TIR_ID_SEQ , TL_TO_DATE","RIG_TIR_ID_SEQ","TL_TO_DATE","0","149,869"
"RIGHTS.RIG_MATRIX_LCD","149,869","RIG_TIR_ID_SEQ , T_GRP_ID","RIG_TIR_ID_SEQ","T_GRP_ID","0","149,869"
"RIGHTS.RIG_MATRIX_LCD","149,869","RIG_TIR_ID_SEQ , T_ID","RIG_TIR_ID_SEQ","T_ID","0","149,869"
"RIGHTS.RIG_MATRIX_LCD","149,869","S_FR_DATE , S_GRP_ID","S_FR_DATE","S_GRP_ID","0","149,869"
"RIGHTS.RIG_MATRIX_LCD","149,869","S_FR_DATE , S_ID","S_FR_DATE","S_ID","0","149,869"
"RIGHTS.RIG_MATRIX_LCD","149,869","S_FR_DATE , S_QTY","S_FR_DATE","S_QTY","0","149,869"
"RIGHTS.RIG_MATRIX_LCD","149,869","S_FR_DATE , S_TO_DATE","S_FR_DATE","S_TO_DATE","0","149,869"
"RIGHTS.RIG_MATRIX_LCD","149,869","S_FR_DATE , TL_FR_DATE","S_FR_DATE","TL_FR_DATE","0","149,869"
"RIGHTS.RIG_MATRIX_LCD","149,869","C_FR_DATE , TL_FR_DATE","C_FR_DATE","TL_FR_DATE","0","149,869"
"RIGHTS.RIG_MATRIX_LCD","149,869","S_FR_DATE , TL_TO_DATE","S_FR_DATE","TL_TO_DATE","0","149,869"
"RIGHTS.RIG_MATRIX_LCD","149,869","S_FR_DATE , T_GRP_ID","S_FR_DATE","T_GRP_ID","0","149,869"
"RIGHTS.RIG_MATRIX_LCD","149,869","S_FR_DATE , T_ID","S_FR_DATE","T_ID","0","149,869"
"RIGHTS.RIG_MATRIX_LCD","149,869","S_GRP_ID , S_ID","S_GRP_ID","S_ID","0","149,869"
"RIGHTS.RIG_MATRIX_LCD","149,869","S_GRP_ID , S_QTY","S_GRP_ID","S_QTY","0","149,869"
"RIGHTS.RIG_MATRIX_LCD","149,869","S_GRP_ID , S_TO_DATE","S_GRP_ID","S_TO_DATE","0","149,869"
"RIGHTS.RIG_MATRIX_LCD","149,869","S_GRP_ID , TL_FR_DATE","S_GRP_ID","TL_FR_DATE","0","149,869"
"RIGHTS.RIG_MATRIX_LCD","149,869","S_GRP_ID , TL_TO_DATE","S_GRP_ID","TL_TO_DATE","0","149,869"
"RIGHTS.RIG_MATRIX_LCD","149,869","S_GRP_ID , T_GRP_ID","S_GRP_ID","T_GRP_ID","0","149,869"
"RIGHTS.RIG_MATRIX_LCD","149,869","S_GRP_ID , T_ID","S_GRP_ID","T_ID","0","149,869"
"RIGHTS.RIG_MATRIX_LCD","149,869","C_FR_DATE , TL_TO_DATE","C_FR_DATE","TL_TO_DATE","0","149,869"
"RIGHTS.RIG_MATRIX_LCD","149,869","S_ID , S_QTY","S_ID","S_QTY","0","149,869"
"RIGHTS.RIG_MATRIX_LCD","149,869","S_ID , S_TO_DATE","S_ID","S_TO_DATE","0","149,869"
"RIGHTS.RIG_MATRIX_LCD","149,869","S_ID , TL_FR_DATE","S_ID","TL_FR_DATE","0","149,869"
"RIGHTS.RIG_MATRIX_LCD","149,869","S_ID , TL_TO_DATE","S_ID","TL_TO_DATE","0","149,869"
"RIGHTS.RIG_MATRIX_LCD","149,869","S_ID , T_GRP_ID","S_ID","T_GRP_ID","0","149,869"
"RIGHTS.RIG_MATRIX_LCD","149,869","S_ID , T_ID","S_ID","T_ID","0","149,869"
"RIGHTS.RIG_MATRIX_LCD","149,869","S_QTY , S_TO_DATE","S_QTY","S_TO_DATE","0","149,869"
"RIGHTS.RIG_MATRIX_LCD","149,869","S_QTY , TL_FR_DATE","S_QTY","TL_FR_DATE","0","149,869"
"RIGHTS.RIG_MATRIX_LCD","149,869","S_QTY , TL_TO_DATE","S_QTY","TL_TO_DATE","0","149,869"
"RIGHTS.RIG_MATRIX_LCD","149,869","S_QTY , T_GRP_ID","S_QTY","T_GRP_ID","0","149,869"
"RIGHTS.RIG_MATRIX_LCD","149,869","C_FR_DATE , T_GRP_ID","C_FR_DATE","T_GRP_ID","0","149,869"
"RIGHTS.RIG_MATRIX_LCD","149,869","S_QTY , T_ID","S_QTY","T_ID","0","149,869"
"RIGHTS.RIG_MATRIX_LCD","149,869","S_TO_DATE , TL_FR_DATE","S_TO_DATE","TL_FR_DATE","0","149,869"
"RIGHTS.RIG_MATRIX_LCD","149,869","S_TO_DATE , TL_TO_DATE","S_TO_DATE","TL_TO_DATE","0","149,869"
"RIGHTS.RIG_MATRIX_LCD","149,869","S_TO_DATE , T_GRP_ID","S_TO_DATE","T_GRP_ID","0","149,869"
"RIGHTS.RIG_MATRIX_LCD","149,869","S_TO_DATE , T_ID","S_TO_DATE","T_ID","0","149,869"
"RIGHTS.RIG_MATRIX_LCD","149,869","TL_FR_DATE , TL_TO_DATE","TL_FR_DATE","TL_TO_DATE","0","149,869"
"RIGHTS.RIG_MATRIX_LCD","149,869","TL_FR_DATE , T_GRP_ID","TL_FR_DATE","T_GRP_ID","0","149,869"
"RIGHTS.RIG_MATRIX_LCD","149,869","TL_FR_DATE , T_ID","TL_FR_DATE","T_ID","0","149,869"
"RIGHTS.RIG_MATRIX_LCD","149,869","TL_TO_DATE , T_GRP_ID","TL_TO_DATE","T_GRP_ID","0","149,869"
"RIGHTS.RIG_MATRIX_LCD","149,869","TL_TO_DATE , T_ID","TL_TO_DATE","T_ID","0","149,869"
"RIGHTS.RIG_MATRIX_LCD","149,869","C_FR_DATE , T_ID","C_FR_DATE","T_ID","0","149,869"
"RIGHTS.RIG_MATRIX_LCD","149,869","T_GRP_ID , T_ID","T_GRP_ID","T_ID","0","149,869"
"RIGHTS.RIG_MATRIX_LCD","149,869","C_FR_DATE , C_TO_DATE","C_FR_DATE","C_TO_DATE","0","149,869"
"RIGHTS.RIG_MATRIX_LCD","149,869","C_ID , C_TO_DATE","C_ID","C_TO_DATE","0","149,869"
"RIGHTS.RIG_MATRIX_LCD","149,869","C_ID , L_GRP_ID","C_ID","L_GRP_ID","0","149,869"
"RIGHTS.RIG_MATRIX_LCD","149,869","C_ID , M_FR_DATE","C_ID","M_FR_DATE","0","149,869"
"RIGHTS.RIG_MATRIX_LCD","149,869","C_ID , M_GRP_ID","C_ID","M_GRP_ID","0","149,869"
"RIGHTS.RIG_MATRIX_LCD","149,869","C_ID , M_ID","C_ID","M_ID","0","149,869"
"RIGHTS.RIG_MATRIX_LCD","149,869","C_ID , M_QTY","C_ID","M_QTY","0","149,869"
"RIGHTS.RIG_MATRIX_LCD","149,869","C_ID , M_TO_DATE","C_ID","M_TO_DATE","0","149,869"
"RIGHTS.RIG_MATRIX_LCD","149,869","C_ID , RH_ID","C_ID","RH_ID","0","149,869"
"RIGHTS.RIG_MATRIX_LCD","149,869","C_ID , RIG_TIR_ID_SEQ","C_ID","RIG_TIR_ID_SEQ","0","149,869"
"RIGHTS.RIG_MATRIX_LCD","149,869","C_ID , S_FR_DATE","C_ID","S_FR_DATE","0","149,869"
"RIGHTS.RIG_MATRIX_LCD","149,869","C_FR_DATE , L_GRP_ID","C_FR_DATE","L_GRP_ID","0","149,869"
"RIGHTS.RIG_MATRIX_LCD","149,869","C_ID , S_GRP_ID","C_ID","S_GRP_ID","0","149,869"
"RIGHTS.RIG_MATRIX_LCD","149,869","C_ID , S_ID","C_ID","S_ID","0","149,869"
"RIGHTS.RIG_MATRIX_LCD","149,869","C_ID , S_QTY","C_ID","S_QTY","0","149,869"
"RIGHTS.RIG_MATRIX_LCD","149,869","C_ID , S_TO_DATE","C_ID","S_TO_DATE","0","149,869"
"RIGHTS.RIG_MATRIX_LCD","149,869","C_ID , TL_FR_DATE","C_ID","TL_FR_DATE","0","149,869"
"RIGHTS.RIG_MATRIX_LCD","149,869","C_ID , TL_TO_DATE","C_ID","TL_TO_DATE","0","149,869"
"RIGHTS.RIG_MATRIX_LCD","149,869","C_ID , T_GRP_ID","C_ID","T_GRP_ID","0","149,869"
"RIGHTS.RIG_MATRIX_LCD","149,869","C_ID , T_ID","C_ID","T_ID","0","149,869"
"RIGHTS.RIG_MATRIX_LCD","149,869","C_TO_DATE , L_GRP_ID","C_TO_DATE","L_GRP_ID","0","149,869"
"RIGHTS.RIG_MATRIX_LCD","149,869","C_TO_DATE , M_FR_DATE","C_TO_DATE","M_FR_DATE","0","149,869"
"RIGHTS.RIG_MATRIX_LCD","149,869","C_FR_DATE , M_FR_DATE","C_FR_DATE","M_FR_DATE","0","149,869"
"RIGHTS.RIG_MATRIX_LCD","149,869","C_TO_DATE , M_GRP_ID","C_TO_DATE","M_GRP_ID","0","149,869"
"RIGHTS.RIG_MATRIX_LCD","149,869","C_TO_DATE , M_ID","C_TO_DATE","M_ID","0","149,869"
"RIGHTS.RIG_MATRIX_LCD","149,869","C_TO_DATE , M_QTY","C_TO_DATE","M_QTY","0","149,869"
"RIGHTS.RIG_MATRIX_LCD","149,869","C_TO_DATE , M_TO_DATE","C_TO_DATE","M_TO_DATE","0","149,869"
"RIGHTS.RIG_MATRIX_LCD","149,869","C_TO_DATE , RH_ID","C_TO_DATE","RH_ID","0","149,869"
"RIGHTS.RIG_MATRIX_LCD","149,869","C_TO_DATE , RIG_TIR_ID_SEQ","C_TO_DATE","RIG_TIR_ID_SEQ","0","149,869"
"RIGHTS.RIG_MATRIX_LCD","149,869","C_TO_DATE , S_FR_DATE","C_TO_DATE","S_FR_DATE","0","149,869"
"RIGHTS.RIG_MATRIX_LCD","149,869","C_TO_DATE , S_GRP_ID","C_TO_DATE","S_GRP_ID","0","149,869"
"RIGHTS.RIG_MATRIX_LCD","149,869","C_TO_DATE , S_ID","C_TO_DATE","S_ID","0","149,869"
"RIGHTS.RIG_MATRIX_LCD","149,869","C_TO_DATE , S_QTY","C_TO_DATE","S_QTY","0","149,869"
"RIGHTS.RIG_MATRIX_LCD","149,869","C_FR_DATE , M_GRP_ID","C_FR_DATE","M_GRP_ID","0","149,869"
"RIGHTS.RIG_MATRIX_LCD","149,869","C_TO_DATE , S_TO_DATE","C_TO_DATE","S_TO_DATE","0","149,869"
"RIGHTS.RIG_MATRIX_LCD","149,869","C_TO_DATE , TL_FR_DATE","C_TO_DATE","TL_FR_DATE","0","149,869"
"RIGHTS.RIG_MATRIX_LCD","149,869","C_TO_DATE , TL_TO_DATE","C_TO_DATE","TL_TO_DATE","0","149,869"
"RIGHTS.RIG_MATRIX_LCD","149,869","C_TO_DATE , T_GRP_ID","C_TO_DATE","T_GRP_ID","0","149,869"
"RIGHTS.RIG_MATRIX_LCD","149,869","C_TO_DATE , T_ID","C_TO_DATE","T_ID","0","149,869"
"RIGHTS.RIG_MATRIX_LCD","149,869","L_GRP_ID , M_FR_DATE","L_GRP_ID","M_FR_DATE","0","149,869"
"RIGHTS.RIG_MATRIX_LCD","149,869","L_GRP_ID , M_GRP_ID","L_GRP_ID","M_GRP_ID","0","149,869"
"RIGHTS.RIG_MATRIX_LCD","149,869","L_GRP_ID , M_ID","L_GRP_ID","M_ID","0","149,869"
"RIGHTS.RIG_MATRIX_LCD","149,869","L_GRP_ID , M_QTY","L_GRP_ID","M_QTY","0","149,869"
"RIGHTS.RIG_MATRIX_LCD","149,869","L_GRP_ID , M_TO_DATE","L_GRP_ID","M_TO_DATE","0","149,869"
"RIGHTS.RIG_MATRIX_LCD","149,869","C_FR_DATE , M_ID","C_FR_DATE","M_ID","0","149,869"
"RIGHTS.RIG_MATRIX_LCD","149,869","L_GRP_ID , RH_ID","L_GRP_ID","RH_ID","0","149,869"
"RIGHTS.RIG_MATRIX_LCD","149,869","L_GRP_ID , RIG_TIR_ID_SEQ","L_GRP_ID","RIG_TIR_ID_SEQ","0","149,869"
"RIGHTS.RIG_MATRIX_LCD","149,869","L_GRP_ID , S_FR_DATE","L_GRP_ID","S_FR_DATE","0","149,869"
"RIGHTS.RIG_MATRIX_LCD","149,869","L_GRP_ID , S_GRP_ID","L_GRP_ID","S_GRP_ID","0","149,869"
"RIGHTS.RIG_MATRIX_LCD","149,869","L_GRP_ID , S_ID","L_GRP_ID","S_ID","0","149,869"
"RIGHTS.RIG_MATRIX_LCD","149,869","L_GRP_ID , S_QTY","L_GRP_ID","S_QTY","0","149,869"
"RIGHTS.RIG_MATRIX_LCD","149,869","L_GRP_ID , S_TO_DATE","L_GRP_ID","S_TO_DATE","0","149,869"
"RIGHTS.RIG_MATRIX_LCD","149,869","L_GRP_ID , TL_FR_DATE","L_GRP_ID","TL_FR_DATE","0","149,869"
"RIGHTS.RIG_MATRIX_LCD","149,869","L_GRP_ID , TL_TO_DATE","L_GRP_ID","TL_TO_DATE","0","149,869"
"RIGHTS.RIG_MATRIX_LCD","149,869","L_GRP_ID , T_GRP_ID","L_GRP_ID","T_GRP_ID","0","149,869"
"RIGHTS.RIG_MATRIX_LCD","149,869","C_FR_DATE , M_QTY","C_FR_DATE","M_QTY","0","149,869"
"RIGHTS.RIG_MATRIX_LCD","149,869","L_GRP_ID , T_ID","L_GRP_ID","T_ID","0","149,869"
"RIGHTS.RIG_MATRIX_LCD","149,869","M_FR_DATE , M_GRP_ID","M_FR_DATE","M_GRP_ID","0","149,869"
"RIGHTS.RIG_MATRIX_LCD","149,869","M_FR_DATE , M_ID","M_FR_DATE","M_ID","0","149,869"
"RIGHTS.RIG_MATRIX_LCD","149,869","M_FR_DATE , M_QTY","M_FR_DATE","M_QTY","0","149,869"
"RIGHTS.RIG_MATRIX_LCD","149,869","M_FR_DATE , M_TO_DATE","M_FR_DATE","M_TO_DATE","0","149,869"
"RIGHTS.RIG_MATRIX_LCD","149,869","M_FR_DATE , RH_ID","M_FR_DATE","RH_ID","0","149,869"
"RIGHTS.RIG_MATRIX_LCD","149,869","M_FR_DATE , RIG_TIR_ID_SEQ","M_FR_DATE","RIG_TIR_ID_SEQ","0","149,869"
"RIGHTS.RIG_MATRIX_LCD","149,869","M_FR_DATE , S_FR_DATE","M_FR_DATE","S_FR_DATE","0","149,869"
"RIGHTS.RIG_MATRIX_LCD","149,869","M_FR_DATE , S_GRP_ID","M_FR_DATE","S_GRP_ID","0","149,869"
"RIGHTS.RIG_MATRIX_LCD","149,869","M_FR_DATE , S_ID","M_FR_DATE","S_ID","0","149,869"
"RIGHTS.RIG_MATRIX_LCD","149,869","C_FR_DATE , M_TO_DATE","C_FR_DATE","M_TO_DATE","0","149,869"
"RIGHTS.RIG_MATRIX_LCD","149,869","M_FR_DATE , S_QTY","M_FR_DATE","S_QTY","0","149,869"
"RIGHTS.RIG_MATRIX_LCD","149,869","M_FR_DATE , S_TO_DATE","M_FR_DATE","S_TO_DATE","0","149,869"
"RIGHTS.RIG_MATRIX_LCD","149,869","M_FR_DATE , TL_FR_DATE","M_FR_DATE","TL_FR_DATE","0","149,869"
"RIGHTS.RIG_MATRIX_LCD","149,869","M_FR_DATE , TL_TO_DATE","M_FR_DATE","TL_TO_DATE","0","149,869"
"RIGHTS.RIG_MATRIX_LCD","149,869","M_FR_DATE , T_GRP_ID","M_FR_DATE","T_GRP_ID","0","149,869"
"RIGHTS.RIG_MATRIX_LCD","149,869","M_FR_DATE , T_ID","M_FR_DATE","T_ID","0","149,869"
"RIGHTS.RIG_MATRIX_LCD","149,869","M_GRP_ID , M_ID","M_GRP_ID","M_ID","0","149,869"
"RIGHTS.RIG_MATRIX_LCD","149,869","M_GRP_ID , M_QTY","M_GRP_ID","M_QTY","0","149,869"
"RIGHTS.RIG_MATRIX_LCD","149,869","M_GRP_ID , M_TO_DATE","M_GRP_ID","M_TO_DATE","0","149,869"
"RIGHTS.RIG_MATRIX_LCD","149,869","M_GRP_ID , RH_ID","M_GRP_ID","RH_ID","0","149,869"
"RIGHTS.RIG_MATRIX_LCD","149,869","C_FR_DATE , RH_ID","C_FR_DATE","RH_ID","0","149,869"
"RIGHTS.RIG_MATRIX_LCD","149,869","M_GRP_ID , RIG_TIR_ID_SEQ","M_GRP_ID","RIG_TIR_ID_SEQ","0","149,869"
"RIGHTS.RIG_MATRIX_LCD","149,869","M_GRP_ID , S_FR_DATE","M_GRP_ID","S_FR_DATE","0","149,869"
"RIGHTS.RIG_MATRIX_LCD","149,869","M_GRP_ID , S_GRP_ID","M_GRP_ID","S_GRP_ID","0","149,869"
"RIGHTS.RIG_MATRIX_LCD","149,869","M_GRP_ID , S_ID","M_GRP_ID","S_ID","0","149,869"
"RIGHTS.RIG_MATRIX_LCD","149,869","M_GRP_ID , S_QTY","M_GRP_ID","S_QTY","0","149,869"
"RIGHTS.RIG_MATRIX_LCD","149,869","M_GRP_ID , S_TO_DATE","M_GRP_ID","S_TO_DATE","0","149,869"
"RIGHTS.RIG_MATRIX_LCD","149,869","M_GRP_ID , TL_FR_DATE","M_GRP_ID","TL_FR_DATE","0","149,869"
"RIGHTS.RIG_MATRIX_LCD","149,869","M_GRP_ID , TL_TO_DATE","M_GRP_ID","TL_TO_DATE","0","149,869"
"RIGHTS.RIG_MATRIX_LCD","149,869","M_GRP_ID , T_GRP_ID","M_GRP_ID","T_GRP_ID","0","149,869"
"RIGHTS.RIG_MATRIX_LCD","149,869","M_GRP_ID , T_ID","M_GRP_ID","T_ID","0","149,869"
"RIGHTS.RIG_TITLE_RIGHTS","45,267","CREATED_BY , CREATION_DATE","CREATED_BY","CREATION_DATE","0","45,267"
"RIGHTS.RIG_TITLE_RIGHTS","45,267","CREATED_BY , RIGHT_STATUS","CREATED_BY","RIGHT_STATUS","0","45,267"
"RIGHTS.RIG_TITLE_RIGHTS","45,267","RIGHT_QUALIFIER , RIGHT_STATUS","RIGHT_QUALIFIER","RIGHT_STATUS","0","45,267"
"RIGHTS.RIG_TITLE_RIGHTS","45,267","RIGHT_QUALIFIER , RIG_CSE_ID_SEQ","RIGHT_QUALIFIER","RIG_CSE_ID_SEQ","0","8,022"
"RIGHTS.RIG_TITLE_RIGHTS","45,267","RIGHT_QUALIFIER , RIG_RTP_ID_SEQ","RIGHT_QUALIFIER","RIG_RTP_ID_SEQ","0","2"
"RIGHTS.RIG_TITLE_RIGHTS","45,267","RIGHT_QUALIFIER , ROW_TYPE","RIGHT_QUALIFIER","ROW_TYPE","0","45,267"
"RIGHTS.RIG_TITLE_RIGHTS","45,267","RIGHT_QUALIFIER , SYN_REG_ID_SEQ","RIGHT_QUALIFIER","SYN_REG_ID_SEQ","0","37,242"
"RIGHTS.RIG_TITLE_RIGHTS","45,267","RIGHT_QUALIFIER , SYN_REG_ID_SEQ_PROJECT","RIGHT_QUALIFIER","SYN_REG_ID_SEQ_PROJECT","0","14,229"
"RIGHTS.RIG_TITLE_RIGHTS","45,267","RIGHT_STATUS , RIG_CSE_ID_SEQ","RIGHT_STATUS","RIG_CSE_ID_SEQ","0","8,022"
"RIGHTS.RIG_TITLE_RIGHTS","45,267","RIGHT_STATUS , RIG_RTP_ID_SEQ","RIGHT_STATUS","RIG_RTP_ID_SEQ","0","2"
"RIGHTS.RIG_TITLE_RIGHTS","45,267","RIGHT_STATUS , ROW_TYPE","RIGHT_STATUS","ROW_TYPE","0","45,267"
"RIGHTS.RIG_TITLE_RIGHTS","45,267","RIGHT_STATUS , SYN_REG_ID_SEQ","RIGHT_STATUS","SYN_REG_ID_SEQ","0","37,242"
"RIGHTS.RIG_TITLE_RIGHTS","45,267","CREATED_BY , RIG_CSE_ID_SEQ","CREATED_BY","RIG_CSE_ID_SEQ","0","8,022"
"RIGHTS.RIG_TITLE_RIGHTS","45,267","RIGHT_STATUS , SYN_REG_ID_SEQ_PROJECT","RIGHT_STATUS","SYN_REG_ID_SEQ_PROJECT","0","14,229"
"RIGHTS.RIG_TITLE_RIGHTS","45,267","RIG_CSE_ID_SEQ , RIG_RTP_ID_SEQ","RIG_CSE_ID_SEQ","RIG_RTP_ID_SEQ","37,243","0"
"RIGHTS.RIG_TITLE_RIGHTS","45,267","RIG_CSE_ID_SEQ , ROW_TYPE","RIG_CSE_ID_SEQ","ROW_TYPE","0","8,022"
"RIGHTS.RIG_TITLE_RIGHTS","45,267","RIG_CSE_ID_SEQ , SYN_REG_ID_SEQ","RIG_CSE_ID_SEQ","SYN_REG_ID_SEQ","3","0"
"RIGHTS.RIG_TITLE_RIGHTS","45,267","RIG_CSE_ID_SEQ , SYN_REG_ID_SEQ_PROJECT","RIG_CSE_ID_SEQ","SYN_REG_ID_SEQ_PROJECT","23,016","0"
"RIGHTS.RIG_TITLE_RIGHTS","45,267","RIG_RTP_ID_SEQ , ROW_TYPE","RIG_RTP_ID_SEQ","ROW_TYPE","0","2"
"RIGHTS.RIG_TITLE_RIGHTS","45,267","RIG_RTP_ID_SEQ , SYN_REG_ID_SEQ","RIG_RTP_ID_SEQ","SYN_REG_ID_SEQ","8,023","0"
"RIGHTS.RIG_TITLE_RIGHTS","45,267","RIG_RTP_ID_SEQ , SYN_REG_ID_SEQ_PROJECT","RIG_RTP_ID_SEQ","SYN_REG_ID_SEQ_PROJECT","31,036","0"
"RIGHTS.RIG_TITLE_RIGHTS","45,267","ROW_TYPE , SYN_REG_ID_SEQ","ROW_TYPE","SYN_REG_ID_SEQ","0","37,242"
"RIGHTS.RIG_TITLE_RIGHTS","45,267","ROW_TYPE , SYN_REG_ID_SEQ_PROJECT","ROW_TYPE","SYN_REG_ID_SEQ_PROJECT","0","14,229"
"RIGHTS.RIG_TITLE_RIGHTS","45,267","CREATED_BY , RIG_RTP_ID_SEQ","CREATED_BY","RIG_RTP_ID_SEQ","0","2"
"RIGHTS.RIG_TITLE_RIGHTS","45,267","SYN_REG_ID_SEQ , SYN_REG_ID_SEQ_PROJECT","SYN_REG_ID_SEQ","SYN_REG_ID_SEQ_PROJECT","8,025","14,229"
"RIGHTS.RIG_TITLE_RIGHTS","45,267","CREATED_BY , ROW_TYPE","CREATED_BY","ROW_TYPE","0","45,267"
"RIGHTS.RIG_TITLE_RIGHTS","45,267","CREATED_BY , SYN_REG_ID_SEQ","CREATED_BY","SYN_REG_ID_SEQ","0","37,242"
"RIGHTS.RIG_TITLE_RIGHTS","45,267","CREATED_BY , SYN_REG_ID_SEQ_PROJECT","CREATED_BY","SYN_REG_ID_SEQ_PROJECT","0","14,229"
"RIGHTS.RIG_TITLE_RIGHTS","45,267","CREATION_DATE , ID_SEQ","CREATION_DATE","ID_SEQ","0","45,267"
"RIGHTS.RIG_TITLE_RIGHTS","45,267","CREATION_DATE , IND_MATRIX_LCD_CHANGED","CREATION_DATE","IND_MATRIX_LCD_CHANGED","0","45,267"
"RIGHTS.RIG_TITLE_RIGHTS","45,267","CREATION_DATE , INITIAL_RIGHT_COMPLETED_DATE","CREATION_DATE","INITIAL_RIGHT_COMPLETED_DATE","0","35,338"
"RIGHTS.RIG_TITLE_RIGHTS","45,267","CREATION_DATE , LAST_UPDATED_BY","CREATION_DATE","LAST_UPDATED_BY","0","45,267"
"RIGHTS.RIG_TITLE_RIGHTS","45,267","CREATED_BY , ID_SEQ","CREATED_BY","ID_SEQ","0","45,267"
"RIGHTS.RIG_TITLE_RIGHTS","45,267","CREATION_DATE , LAST_UPDATE_DATE","CREATION_DATE","LAST_UPDATE_DATE","0","45,267"
"RIGHTS.RIG_TITLE_RIGHTS","45,267","CREATION_DATE , NB_PROD_CONTRACT","CREATION_DATE","NB_PROD_CONTRACT","0","45,267"
"RIGHTS.RIG_TITLE_RIGHTS","45,267","CREATION_DATE , RIGHT_COMPLETED_DATE","CREATION_DATE","RIGHT_COMPLETED_DATE","0","35,351"
"RIGHTS.RIG_TITLE_RIGHTS","45,267","CREATION_DATE , RIGHT_QUALIFIER","CREATION_DATE","RIGHT_QUALIFIER","0","45,267"
"RIGHTS.RIG_TITLE_RIGHTS","45,267","CREATION_DATE , RIGHT_STATUS","CREATION_DATE","RIGHT_STATUS","0","45,267"
"RIGHTS.RIG_TITLE_RIGHTS","45,267","CREATION_DATE , RIG_CSE_ID_SEQ","CREATION_DATE","RIG_CSE_ID_SEQ","0","8,022"
"RIGHTS.RIG_TITLE_RIGHTS","45,267","CREATION_DATE , RIG_RTP_ID_SEQ","CREATION_DATE","RIG_RTP_ID_SEQ","0","2"
"RIGHTS.RIG_TITLE_RIGHTS","45,267","CREATION_DATE , ROW_TYPE","CREATION_DATE","ROW_TYPE","0","45,267"
"RIGHTS.RIG_TITLE_RIGHTS","45,267","CREATION_DATE , SYN_REG_ID_SEQ","CREATION_DATE","SYN_REG_ID_SEQ","0","37,242"
"RIGHTS.RIG_TITLE_RIGHTS","45,267","CREATION_DATE , SYN_REG_ID_SEQ_PROJECT","CREATION_DATE","SYN_REG_ID_SEQ_PROJECT","0","14,229"
"RIGHTS.RIG_TITLE_RIGHTS","45,267","CREATED_BY , IND_MATRIX_LCD_CHANGED","CREATED_BY","IND_MATRIX_LCD_CHANGED","0","45,267"
"RIGHTS.RIG_TITLE_RIGHTS","45,267","ID_SEQ , IND_MATRIX_LCD_CHANGED","ID_SEQ","IND_MATRIX_LCD_CHANGED","0","45,267"
"RIGHTS.RIG_TITLE_RIGHTS","45,267","ID_SEQ , INITIAL_RIGHT_COMPLETED_DATE","ID_SEQ","INITIAL_RIGHT_COMPLETED_DATE","0","35,338"
"RIGHTS.RIG_TITLE_RIGHTS","45,267","ID_SEQ , LAST_UPDATED_BY","ID_SEQ","LAST_UPDATED_BY","0","45,267"
"RIGHTS.RIG_TITLE_RIGHTS","45,267","ID_SEQ , LAST_UPDATE_DATE","ID_SEQ","LAST_UPDATE_DATE","0","45,267"
"RIGHTS.RIG_TITLE_RIGHTS","45,267","ID_SEQ , NB_PROD_CONTRACT","ID_SEQ","NB_PROD_CONTRACT","0","45,267"
"RIGHTS.RIG_TITLE_RIGHTS","45,267","ID_SEQ , RIGHT_COMPLETED_DATE","ID_SEQ","RIGHT_COMPLETED_DATE","0","35,351"
"RIGHTS.RIG_TITLE_RIGHTS","45,267","ID_SEQ , RIGHT_QUALIFIER","ID_SEQ","RIGHT_QUALIFIER","0","45,267"
"RIGHTS.RIG_TITLE_RIGHTS","45,267","ID_SEQ , RIGHT_STATUS","ID_SEQ","RIGHT_STATUS","0","45,267"
"RIGHTS.RIG_TITLE_RIGHTS","45,267","ID_SEQ , RIG_CSE_ID_SEQ","ID_SEQ","RIG_CSE_ID_SEQ","0","8,022"
"RIGHTS.RIG_TITLE_RIGHTS","45,267","ID_SEQ , RIG_RTP_ID_SEQ","ID_SEQ","RIG_RTP_ID_SEQ","0","2"
"RIGHTS.RIG_TITLE_RIGHTS","45,267","CREATED_BY , INITIAL_RIGHT_COMPLETED_DATE","CREATED_BY","INITIAL_RIGHT_COMPLETED_DATE","0","35,338"
"RIGHTS.RIG_TITLE_RIGHTS","45,267","ID_SEQ , ROW_TYPE","ID_SEQ","ROW_TYPE","0","45,267"
"RIGHTS.RIG_TITLE_RIGHTS","45,267","ID_SEQ , SYN_REG_ID_SEQ","ID_SEQ","SYN_REG_ID_SEQ","0","37,242"
"RIGHTS.RIG_TITLE_RIGHTS","45,267","ID_SEQ , SYN_REG_ID_SEQ_PROJECT","ID_SEQ","SYN_REG_ID_SEQ_PROJECT","0","14,229"
"RIGHTS.RIG_TITLE_RIGHTS","45,267","IND_MATRIX_LCD_CHANGED , INITIAL_RIGHT_COMPLETED_DATE","IND_MATRIX_LCD_CHANGED","INITIAL_RIGHT_COMPLETED_DATE","0","35,338"
"RIGHTS.RIG_TITLE_RIGHTS","45,267","IND_MATRIX_LCD_CHANGED , LAST_UPDATED_BY","IND_MATRIX_LCD_CHANGED","LAST_UPDATED_BY","0","45,267"
"RIGHTS.RIG_TITLE_RIGHTS","45,267","IND_MATRIX_LCD_CHANGED , LAST_UPDATE_DATE","IND_MATRIX_LCD_CHANGED","LAST_UPDATE_DATE","0","45,267"
"RIGHTS.RIG_TITLE_RIGHTS","45,267","IND_MATRIX_LCD_CHANGED , NB_PROD_CONTRACT","IND_MATRIX_LCD_CHANGED","NB_PROD_CONTRACT","0","45,267"
"RIGHTS.RIG_TITLE_RIGHTS","45,267","IND_MATRIX_LCD_CHANGED , RIGHT_COMPLETED_DATE","IND_MATRIX_LCD_CHANGED","RIGHT_COMPLETED_DATE","0","35,351"
"RIGHTS.RIG_TITLE_RIGHTS","45,267","IND_MATRIX_LCD_CHANGED , RIGHT_QUALIFIER","IND_MATRIX_LCD_CHANGED","RIGHT_QUALIFIER","0","45,267"
"RIGHTS.RIG_TITLE_RIGHTS","45,267","IND_MATRIX_LCD_CHANGED , RIGHT_STATUS","IND_MATRIX_LCD_CHANGED","RIGHT_STATUS","0","45,267"
"RIGHTS.RIG_TITLE_RIGHTS","45,267","CREATED_BY , LAST_UPDATED_BY","CREATED_BY","LAST_UPDATED_BY","0","45,267"
"RIGHTS.RIG_TITLE_RIGHTS","45,267","IND_MATRIX_LCD_CHANGED , RIG_CSE_ID_SEQ","IND_MATRIX_LCD_CHANGED","RIG_CSE_ID_SEQ","0","8,022"
"RIGHTS.RIG_TITLE_RIGHTS","45,267","IND_MATRIX_LCD_CHANGED , RIG_RTP_ID_SEQ","IND_MATRIX_LCD_CHANGED","RIG_RTP_ID_SEQ","0","2"
"RIGHTS.RIG_TITLE_RIGHTS","45,267","IND_MATRIX_LCD_CHANGED , ROW_TYPE","IND_MATRIX_LCD_CHANGED","ROW_TYPE","0","45,267"
"RIGHTS.RIG_TITLE_RIGHTS","45,267","IND_MATRIX_LCD_CHANGED , SYN_REG_ID_SEQ","IND_MATRIX_LCD_CHANGED","SYN_REG_ID_SEQ","0","37,242"
"RIGHTS.RIG_TITLE_RIGHTS","45,267","IND_MATRIX_LCD_CHANGED , SYN_REG_ID_SEQ_PROJECT","IND_MATRIX_LCD_CHANGED","SYN_REG_ID_SEQ_PROJECT","0","14,229"
"RIGHTS.RIG_TITLE_RIGHTS","45,267","INITIAL_RIGHT_COMPLETED_DATE , LAST_UPDATED_BY","INITIAL_RIGHT_COMPLETED_DATE","LAST_UPDATED_BY","0","35,338"
"RIGHTS.RIG_TITLE_RIGHTS","45,267","INITIAL_RIGHT_COMPLETED_DATE , LAST_UPDATE_DATE","INITIAL_RIGHT_COMPLETED_DATE","LAST_UPDATE_DATE","0","35,338"
"RIGHTS.RIG_TITLE_RIGHTS","45,267","INITIAL_RIGHT_COMPLETED_DATE , NB_PROD_CONTRACT","INITIAL_RIGHT_COMPLETED_DATE","NB_PROD_CONTRACT","0","35,338"
"RIGHTS.RIG_TITLE_RIGHTS","45,267","INITIAL_RIGHT_COMPLETED_DATE , RIGHT_COMPLETED_DATE","INITIAL_RIGHT_COMPLETED_DATE","RIGHT_COMPLETED_DATE","9,913","35,335"
"RIGHTS.RIG_TITLE_RIGHTS","45,267","INITIAL_RIGHT_COMPLETED_DATE , RIGHT_QUALIFIER","INITIAL_RIGHT_COMPLETED_DATE","RIGHT_QUALIFIER","0","35,338"
"RIGHTS.RIG_TITLE_RIGHTS","45,267","CREATED_BY , LAST_UPDATE_DATE","CREATED_BY","LAST_UPDATE_DATE","0","45,267"
"RIGHTS.RIG_TITLE_RIGHTS","45,267","INITIAL_RIGHT_COMPLETED_DATE , RIGHT_STATUS","INITIAL_RIGHT_COMPLETED_DATE","RIGHT_STATUS","0","35,338"
"RIGHTS.RIG_TITLE_RIGHTS","45,267","INITIAL_RIGHT_COMPLETED_DATE , RIG_CSE_ID_SEQ","INITIAL_RIGHT_COMPLETED_DATE","RIG_CSE_ID_SEQ","1,907","0"
"RIGHTS.RIG_TITLE_RIGHTS","45,267","INITIAL_RIGHT_COMPLETED_DATE , RIG_RTP_ID_SEQ","INITIAL_RIGHT_COMPLETED_DATE","RIG_RTP_ID_SEQ","9,927","0"
"RIGHTS.RIG_TITLE_RIGHTS","45,267","INITIAL_RIGHT_COMPLETED_DATE , ROW_TYPE","INITIAL_RIGHT_COMPLETED_DATE","ROW_TYPE","0","35,338"
"RIGHTS.RIG_TITLE_RIGHTS","45,267","INITIAL_RIGHT_COMPLETED_DATE , SYN_REG_ID_SEQ","INITIAL_RIGHT_COMPLETED_DATE","SYN_REG_ID_SEQ","8,025","35,338"
"RIGHTS.RIG_TITLE_RIGHTS","45,267","INITIAL_RIGHT_COMPLETED_DATE , SYN_REG_ID_SEQ_PROJECT","INITIAL_RIGHT_COMPLETED_DATE","SYN_REG_ID_SEQ_PROJECT","9,900","14,200"
"RIGHTS.RIG_TITLE_RIGHTS","45,267","LAST_UPDATED_BY , LAST_UPDATE_DATE","LAST_UPDATED_BY","LAST_UPDATE_DATE","0","45,267"
"RIGHTS.RIG_TITLE_RIGHTS","45,267","LAST_UPDATED_BY , NB_PROD_CONTRACT","LAST_UPDATED_BY","NB_PROD_CONTRACT","0","45,267"
"RIGHTS.RIG_TITLE_RIGHTS","45,267","LAST_UPDATED_BY , RIGHT_COMPLETED_DATE","LAST_UPDATED_BY","RIGHT_COMPLETED_DATE","0","35,351"
"RIGHTS.RIG_TITLE_RIGHTS","45,267","LAST_UPDATED_BY , RIGHT_QUALIFIER","LAST_UPDATED_BY","RIGHT_QUALIFIER","0","45,267"
"RIGHTS.RIG_TITLE_RIGHTS","45,267","CREATED_BY , NB_PROD_CONTRACT","CREATED_BY","NB_PROD_CONTRACT","0","45,267"
"RIGHTS.RIG_TITLE_RIGHTS","45,267","LAST_UPDATED_BY , RIGHT_STATUS","LAST_UPDATED_BY","RIGHT_STATUS","0","45,267"
"RIGHTS.RIG_TITLE_RIGHTS","45,267","LAST_UPDATED_BY , RIG_CSE_ID_SEQ","LAST_UPDATED_BY","RIG_CSE_ID_SEQ","0","8,022"
"RIGHTS.RIG_TITLE_RIGHTS","45,267","LAST_UPDATED_BY , RIG_RTP_ID_SEQ","LAST_UPDATED_BY","RIG_RTP_ID_SEQ","0","2"
"RIGHTS.RIG_TITLE_RIGHTS","45,267","LAST_UPDATED_BY , ROW_TYPE","LAST_UPDATED_BY","ROW_TYPE","0","45,267"
"RIGHTS.RIG_TITLE_RIGHTS","45,267","LAST_UPDATED_BY , SYN_REG_ID_SEQ","LAST_UPDATED_BY","SYN_REG_ID_SEQ","0","37,242"
"RIGHTS.RIG_TITLE_RIGHTS","45,267","LAST_UPDATED_BY , SYN_REG_ID_SEQ_PROJECT","LAST_UPDATED_BY","SYN_REG_ID_SEQ_PROJECT","0","14,229"
"RIGHTS.RIG_TITLE_RIGHTS","45,267","LAST_UPDATE_DATE , NB_PROD_CONTRACT","LAST_UPDATE_DATE","NB_PROD_CONTRACT","0","45,267"
"RIGHTS.RIG_TITLE_RIGHTS","45,267","LAST_UPDATE_DATE , RIGHT_COMPLETED_DATE","LAST_UPDATE_DATE","RIGHT_COMPLETED_DATE","0","35,351"
"RIGHTS.RIG_TITLE_RIGHTS","45,267","LAST_UPDATE_DATE , RIGHT_QUALIFIER","LAST_UPDATE_DATE","RIGHT_QUALIFIER","0","45,267"
"RIGHTS.RIG_TITLE_RIGHTS","45,267","LAST_UPDATE_DATE , RIGHT_STATUS","LAST_UPDATE_DATE","RIGHT_STATUS","0","45,267"
"RIGHTS.RIG_TITLE_RIGHTS","45,267","CREATED_BY , RIGHT_COMPLETED_DATE","CREATED_BY","RIGHT_COMPLETED_DATE","0","35,351"
"RIGHTS.RIG_TITLE_RIGHTS","45,267","LAST_UPDATE_DATE , RIG_CSE_ID_SEQ","LAST_UPDATE_DATE","RIG_CSE_ID_SEQ","0","8,022"
"RIGHTS.RIG_TITLE_RIGHTS","45,267","LAST_UPDATE_DATE , RIG_RTP_ID_SEQ","LAST_UPDATE_DATE","RIG_RTP_ID_SEQ","0","2"
"RIGHTS.RIG_TITLE_RIGHTS","45,267","LAST_UPDATE_DATE , ROW_TYPE","LAST_UPDATE_DATE","ROW_TYPE","0","45,267"
"RIGHTS.RIG_TITLE_RIGHTS","45,267","LAST_UPDATE_DATE , SYN_REG_ID_SEQ","LAST_UPDATE_DATE","SYN_REG_ID_SEQ","0","37,242"
"RIGHTS.RIG_TITLE_RIGHTS","45,267","LAST_UPDATE_DATE , SYN_REG_ID_SEQ_PROJECT","LAST_UPDATE_DATE","SYN_REG_ID_SEQ_PROJECT","0","14,229"
"RIGHTS.RIG_TITLE_RIGHTS","45,267","NB_PROD_CONTRACT , RIGHT_COMPLETED_DATE","NB_PROD_CONTRACT","RIGHT_COMPLETED_DATE","0","35,351"
"RIGHTS.RIG_TITLE_RIGHTS","45,267","NB_PROD_CONTRACT , RIGHT_QUALIFIER","NB_PROD_CONTRACT","RIGHT_QUALIFIER","0","45,267"
"RIGHTS.RIG_TITLE_RIGHTS","45,267","NB_PROD_CONTRACT , RIGHT_STATUS","NB_PROD_CONTRACT","RIGHT_STATUS","0","45,267"
"RIGHTS.RIG_TITLE_RIGHTS","45,267","NB_PROD_CONTRACT , RIG_CSE_ID_SEQ","NB_PROD_CONTRACT","RIG_CSE_ID_SEQ","0","8,022"
"RIGHTS.RIG_TITLE_RIGHTS","45,267","NB_PROD_CONTRACT , RIG_RTP_ID_SEQ","NB_PROD_CONTRACT","RIG_RTP_ID_SEQ","0","2"
"RIGHTS.RIG_TITLE_RIGHTS","45,267","CREATED_BY , RIGHT_QUALIFIER","CREATED_BY","RIGHT_QUALIFIER","0","45,267"
"RIGHTS.RIG_TITLE_RIGHTS","45,267","NB_PROD_CONTRACT , ROW_TYPE","NB_PROD_CONTRACT","ROW_TYPE","0","45,267"
"RIGHTS.RIG_TITLE_RIGHTS","45,267","NB_PROD_CONTRACT , SYN_REG_ID_SEQ","NB_PROD_CONTRACT","SYN_REG_ID_SEQ","0","37,242"
"RIGHTS.RIG_TITLE_RIGHTS","45,267","NB_PROD_CONTRACT , SYN_REG_ID_SEQ_PROJECT","NB_PROD_CONTRACT","SYN_REG_ID_SEQ_PROJECT","0","14,229"
"RIGHTS.RIG_TITLE_RIGHTS","45,267","RIGHT_COMPLETED_DATE , RIGHT_QUALIFIER","RIGHT_COMPLETED_DATE","RIGHT_QUALIFIER","0","35,351"
"RIGHTS.RIG_TITLE_RIGHTS","45,267","RIGHT_COMPLETED_DATE , RIGHT_STATUS","RIGHT_COMPLETED_DATE","RIGHT_STATUS","0","35,351"
"RIGHTS.RIG_TITLE_RIGHTS","45,267","RIGHT_COMPLETED_DATE , RIG_CSE_ID_SEQ","RIGHT_COMPLETED_DATE","RIG_CSE_ID_SEQ","1,894","0"
"RIGHTS.RIG_TITLE_RIGHTS","45,267","RIGHT_COMPLETED_DATE , RIG_RTP_ID_SEQ","RIGHT_COMPLETED_DATE","RIG_RTP_ID_SEQ","9,914","0"
"RIGHTS.RIG_TITLE_RIGHTS","45,267","RIGHT_COMPLETED_DATE , ROW_TYPE","RIGHT_COMPLETED_DATE","ROW_TYPE","0","35,351"
"RIGHTS.RIG_TITLE_RIGHTS","45,267","RIGHT_COMPLETED_DATE , SYN_REG_ID_SEQ","RIGHT_COMPLETED_DATE","SYN_REG_ID_SEQ","8,025","35,351"
"RIGHTS.RIG_TITLE_RIGHTS","45,267","RIGHT_COMPLETED_DATE , SYN_REG_ID_SEQ_PROJECT","RIGHT_COMPLETED_DATE","SYN_REG_ID_SEQ_PROJECT","9,900","14,213"
"RIGHTS.RIG_TITLE_STREAMING_CACHE","7,571,991","ID_SEQ , LANGUAGE_CODE","ID_SEQ","LANGUAGE_CODE","0","7,572,243"
"RIGHTS.RIG_TITLE_STREAMING_CACHE","7,571,991","ID_SEQ , VALID_FROM_DATE","ID_SEQ","VALID_FROM_DATE","0","7,572,243"
"RIGHTS.RIG_TITLE_STREAMING_CACHE","7,571,991","ID_SEQ , VALID_IND","ID_SEQ","VALID_IND","0","7,572,243"
"RIGHTS.RIG_TITLE_STREAMING_CACHE","7,571,991","ID_SEQ , VALID_MSG","ID_SEQ","VALID_MSG","0","7,572,243"
"RIGHTS.RIG_TITLE_STREAMING_CACHE","7,571,991","ID_SEQ , VALID_TO_DATE","ID_SEQ","VALID_TO_DATE","0","7,572,243"
"RIGHTS.RIG_TITLE_STREAMING_CACHE","7,571,991","LANGUAGE_CODE , MARKET_CODE","LANGUAGE_CODE","MARKET_CODE","0","7,572,245"
"RIGHTS.RIG_TITLE_STREAMING_CACHE","7,571,991","LANGUAGE_CODE , NB_REQUEST","LANGUAGE_CODE","NB_REQUEST","0","7,572,247"
"RIGHTS.RIG_TITLE_STREAMING_CACHE","7,571,991","LANGUAGE_CODE , SALE_QUALIFIER","LANGUAGE_CODE","SALE_QUALIFIER","0","7,572,247"
"RIGHTS.RIG_TITLE_STREAMING_CACHE","7,571,991","LANGUAGE_CODE , SUPPORT_CODE","LANGUAGE_CODE","SUPPORT_CODE","0","7,572,247"
"RIGHTS.RIG_TITLE_STREAMING_CACHE","7,571,991","LANGUAGE_CODE , SYN_REG_ID_SEQ","LANGUAGE_CODE","SYN_REG_ID_SEQ","0","7,572,247"
"RIGHTS.RIG_TITLE_STREAMING_CACHE","7,571,991","LANGUAGE_CODE , SYN_REG_ID_SEQ_IR","LANGUAGE_CODE","SYN_REG_ID_SEQ_IR","0","7,542,779"
"RIGHTS.RIG_TITLE_STREAMING_CACHE","7,571,991","ID_SEQ , MARKET_CODE","ID_SEQ","MARKET_CODE","0","7,572,243"
"RIGHTS.RIG_TITLE_STREAMING_CACHE","7,571,991","LANGUAGE_CODE , SYN_REG_ID_SEQ_OR","LANGUAGE_CODE","SYN_REG_ID_SEQ_OR","0","7,540,546"
"RIGHTS.RIG_TITLE_STREAMING_CACHE","7,571,991","LANGUAGE_CODE , TERRITORY_CODE","LANGUAGE_CODE","TERRITORY_CODE","0","7,572,249"
"RIGHTS.RIG_TITLE_STREAMING_CACHE","7,571,991","LANGUAGE_CODE , VALID_FROM_DATE","LANGUAGE_CODE","VALID_FROM_DATE","0","7,572,251"
"RIGHTS.RIG_TITLE_STREAMING_CACHE","7,571,991","LANGUAGE_CODE , VALID_IND","LANGUAGE_CODE","VALID_IND","0","7,572,251"
"RIGHTS.RIG_TITLE_STREAMING_CACHE","7,571,991","LANGUAGE_CODE , VALID_MSG","LANGUAGE_CODE","VALID_MSG","0","7,572,251"
"RIGHTS.RIG_TITLE_STREAMING_CACHE","7,571,991","LANGUAGE_CODE , VALID_TO_DATE","LANGUAGE_CODE","VALID_TO_DATE","0","7,572,253"
"RIGHTS.RIG_TITLE_STREAMING_CACHE","7,571,991","MARKET_CODE , NB_REQUEST","MARKET_CODE","NB_REQUEST","0","7,572,253"
"RIGHTS.RIG_TITLE_STREAMING_CACHE","7,571,991","MARKET_CODE , SALE_QUALIFIER","MARKET_CODE","SALE_QUALIFIER","0","7,572,253"
"RIGHTS.RIG_TITLE_STREAMING_CACHE","7,571,991","MARKET_CODE , SUPPORT_CODE","MARKET_CODE","SUPPORT_CODE","0","7,572,253"
"RIGHTS.RIG_TITLE_STREAMING_CACHE","7,571,991","MARKET_CODE , SYN_REG_ID_SEQ","MARKET_CODE","SYN_REG_ID_SEQ","0","7,572,253"
"RIGHTS.RIG_TITLE_STREAMING_CACHE","7,571,991","ID_SEQ , NB_REQUEST","ID_SEQ","NB_REQUEST","0","7,572,243"
"RIGHTS.RIG_TITLE_STREAMING_CACHE","7,571,991","MARKET_CODE , SYN_REG_ID_SEQ_IR","MARKET_CODE","SYN_REG_ID_SEQ_IR","0","7,542,787"
"RIGHTS.RIG_TITLE_STREAMING_CACHE","7,571,991","MARKET_CODE , SYN_REG_ID_SEQ_OR","MARKET_CODE","SYN_REG_ID_SEQ_OR","0","7,540,552"
"RIGHTS.RIG_TITLE_STREAMING_CACHE","7,571,991","MARKET_CODE , TERRITORY_CODE","MARKET_CODE","TERRITORY_CODE","0","7,572,255"
"RIGHTS.RIG_TITLE_STREAMING_CACHE","7,571,991","MARKET_CODE , VALID_FROM_DATE","MARKET_CODE","VALID_FROM_DATE","0","7,572,257"
"RIGHTS.RIG_TITLE_STREAMING_CACHE","7,571,991","MARKET_CODE , VALID_IND","MARKET_CODE","VALID_IND","0","7,572,257"
"RIGHTS.RIG_TITLE_STREAMING_CACHE","7,571,991","MARKET_CODE , VALID_MSG","MARKET_CODE","VALID_MSG","0","7,572,259"
"RIGHTS.RIG_TITLE_STREAMING_CACHE","7,571,991","MARKET_CODE , VALID_TO_DATE","MARKET_CODE","VALID_TO_DATE","0","7,572,259"
"RIGHTS.RIG_TITLE_STREAMING_CACHE","7,571,991","NB_REQUEST , SALE_QUALIFIER","NB_REQUEST","SALE_QUALIFIER","0","7,572,259"
"RIGHTS.RIG_TITLE_STREAMING_CACHE","7,571,991","NB_REQUEST , SUPPORT_CODE","NB_REQUEST","SUPPORT_CODE","0","7,572,263"
"RIGHTS.RIG_TITLE_STREAMING_CACHE","7,571,991","NB_REQUEST , SYN_REG_ID_SEQ","NB_REQUEST","SYN_REG_ID_SEQ","0","7,572,263"
"RIGHTS.RIG_TITLE_STREAMING_CACHE","7,571,991","ID_SEQ , SALE_QUALIFIER","ID_SEQ","SALE_QUALIFIER","0","7,572,243"
"RIGHTS.RIG_TITLE_STREAMING_CACHE","7,571,991","NB_REQUEST , SYN_REG_ID_SEQ_IR","NB_REQUEST","SYN_REG_ID_SEQ_IR","0","7,542,797"
"RIGHTS.RIG_TITLE_STREAMING_CACHE","7,571,991","NB_REQUEST , SYN_REG_ID_SEQ_OR","NB_REQUEST","SYN_REG_ID_SEQ_OR","0","7,540,562"
"RIGHTS.RIG_TITLE_STREAMING_CACHE","7,571,991","NB_REQUEST , TERRITORY_CODE","NB_REQUEST","TERRITORY_CODE","0","7,572,265"
"RIGHTS.RIG_TITLE_STREAMING_CACHE","7,571,991","NB_REQUEST , VALID_FROM_DATE","NB_REQUEST","VALID_FROM_DATE","0","7,572,265"
"RIGHTS.RIG_TITLE_STREAMING_CACHE","7,571,991","NB_REQUEST , VALID_IND","NB_REQUEST","VALID_IND","0","7,572,265"
"RIGHTS.RIG_TITLE_STREAMING_CACHE","7,571,991","NB_REQUEST , VALID_MSG","NB_REQUEST","VALID_MSG","0","7,572,265"
"RIGHTS.RIG_TITLE_STREAMING_CACHE","7,571,991","NB_REQUEST , VALID_TO_DATE","NB_REQUEST","VALID_TO_DATE","0","7,572,265"
"RIGHTS.RIG_TITLE_STREAMING_CACHE","7,571,991","SALE_QUALIFIER , SUPPORT_CODE","SALE_QUALIFIER","SUPPORT_CODE","0","7,572,269"
"RIGHTS.RIG_TITLE_STREAMING_CACHE","7,571,991","SALE_QUALIFIER , SYN_REG_ID_SEQ","SALE_QUALIFIER","SYN_REG_ID_SEQ","0","7,572,271"
"RIGHTS.RIG_TITLE_STREAMING_CACHE","7,571,991","SALE_QUALIFIER , SYN_REG_ID_SEQ_IR","SALE_QUALIFIER","SYN_REG_ID_SEQ_IR","0","7,542,803"
"RIGHTS.RIG_TITLE_STREAMING_CACHE","7,571,991","ID_SEQ , SUPPORT_CODE","ID_SEQ","SUPPORT_CODE","0","7,572,243"
"RIGHTS.RIG_TITLE_STREAMING_CACHE","7,571,991","SALE_QUALIFIER , SYN_REG_ID_SEQ_OR","SALE_QUALIFIER","SYN_REG_ID_SEQ_OR","0","7,540,568"
"RIGHTS.RIG_TITLE_STREAMING_CACHE","7,571,991","SALE_QUALIFIER , TERRITORY_CODE","SALE_QUALIFIER","TERRITORY_CODE","0","7,572,271"
"RIGHTS.RIG_TITLE_STREAMING_CACHE","7,571,991","SALE_QUALIFIER , VALID_FROM_DATE","SALE_QUALIFIER","VALID_FROM_DATE","0","7,572,271"
"RIGHTS.RIG_TITLE_STREAMING_CACHE","7,571,991","SALE_QUALIFIER , VALID_IND","SALE_QUALIFIER","VALID_IND","0","7,572,271"
"RIGHTS.RIG_TITLE_STREAMING_CACHE","7,571,991","SALE_QUALIFIER , VALID_MSG","SALE_QUALIFIER","VALID_MSG","0","7,572,271"
"RIGHTS.RIG_TITLE_STREAMING_CACHE","7,571,991","SALE_QUALIFIER , VALID_TO_DATE","SALE_QUALIFIER","VALID_TO_DATE","0","7,572,271"
"RIGHTS.RIG_TITLE_STREAMING_CACHE","7,571,991","SUPPORT_CODE , SYN_REG_ID_SEQ","SUPPORT_CODE","SYN_REG_ID_SEQ","0","7,572,271"
"RIGHTS.RIG_TITLE_STREAMING_CACHE","7,571,991","SUPPORT_CODE , SYN_REG_ID_SEQ_IR","SUPPORT_CODE","SYN_REG_ID_SEQ_IR","0","7,542,803"
"RIGHTS.RIG_TITLE_STREAMING_CACHE","7,571,991","SUPPORT_CODE , SYN_REG_ID_SEQ_OR","SUPPORT_CODE","SYN_REG_ID_SEQ_OR","0","7,540,568"
"RIGHTS.RIG_TITLE_STREAMING_CACHE","7,571,991","SUPPORT_CODE , TERRITORY_CODE","SUPPORT_CODE","TERRITORY_CODE","0","7,572,271"
"RIGHTS.RIG_TITLE_STREAMING_CACHE","7,571,991","ID_SEQ , SYN_REG_ID_SEQ","ID_SEQ","SYN_REG_ID_SEQ","0","7,572,243"
"RIGHTS.RIG_TITLE_STREAMING_CACHE","7,571,991","SUPPORT_CODE , VALID_FROM_DATE","SUPPORT_CODE","VALID_FROM_DATE","0","7,572,271"
"RIGHTS.RIG_TITLE_STREAMING_CACHE","7,571,991","SUPPORT_CODE , VALID_IND","SUPPORT_CODE","VALID_IND","0","7,572,271"
"RIGHTS.RIG_TITLE_STREAMING_CACHE","7,571,991","SUPPORT_CODE , VALID_MSG","SUPPORT_CODE","VALID_MSG","0","7,572,271"
"RIGHTS.RIG_TITLE_STREAMING_CACHE","7,571,991","SUPPORT_CODE , VALID_TO_DATE","SUPPORT_CODE","VALID_TO_DATE","0","7,572,271"
"RIGHTS.RIG_TITLE_STREAMING_CACHE","7,571,991","SYN_REG_ID_SEQ , SYN_REG_ID_SEQ_IR","SYN_REG_ID_SEQ","SYN_REG_ID_SEQ_IR","0","7,542,803"
"RIGHTS.RIG_TITLE_STREAMING_CACHE","7,571,991","SYN_REG_ID_SEQ , SYN_REG_ID_SEQ_OR","SYN_REG_ID_SEQ","SYN_REG_ID_SEQ_OR","0","7,540,568"
"RIGHTS.RIG_TITLE_STREAMING_CACHE","7,571,991","SYN_REG_ID_SEQ , TERRITORY_CODE","SYN_REG_ID_SEQ","TERRITORY_CODE","0","7,572,271"
"RIGHTS.RIG_TITLE_STREAMING_CACHE","7,571,991","SYN_REG_ID_SEQ , VALID_FROM_DATE","SYN_REG_ID_SEQ","VALID_FROM_DATE","0","7,572,271"
"RIGHTS.RIG_TITLE_STREAMING_CACHE","7,571,991","SYN_REG_ID_SEQ , VALID_IND","SYN_REG_ID_SEQ","VALID_IND","0","7,572,275"
"RIGHTS.RIG_TITLE_STREAMING_CACHE","7,571,991","SYN_REG_ID_SEQ , VALID_MSG","SYN_REG_ID_SEQ","VALID_MSG","0","7,572,275"
"RIGHTS.RIG_TITLE_STREAMING_CACHE","7,571,991","ID_SEQ , SYN_REG_ID_SEQ_IR","ID_SEQ","SYN_REG_ID_SEQ_IR","0","7,542,775"
"RIGHTS.RIG_TITLE_STREAMING_CACHE","7,571,991","SYN_REG_ID_SEQ , VALID_TO_DATE","SYN_REG_ID_SEQ","VALID_TO_DATE","0","7,572,275"
"RIGHTS.RIG_TITLE_STREAMING_CACHE","7,571,991","SYN_REG_ID_SEQ_IR , SYN_REG_ID_SEQ_OR","SYN_REG_ID_SEQ_IR","SYN_REG_ID_SEQ_OR","29,468","7,540,572"
"RIGHTS.RIG_TITLE_STREAMING_CACHE","7,571,991","SYN_REG_ID_SEQ_IR , TERRITORY_CODE","SYN_REG_ID_SEQ_IR","TERRITORY_CODE","0","7,542,807"
"RIGHTS.RIG_TITLE_STREAMING_CACHE","7,571,991","SYN_REG_ID_SEQ_IR , VALID_FROM_DATE","SYN_REG_ID_SEQ_IR","VALID_FROM_DATE","0","7,542,807"
"RIGHTS.RIG_TITLE_STREAMING_CACHE","7,571,991","SYN_REG_ID_SEQ_IR , VALID_IND","SYN_REG_ID_SEQ_IR","VALID_IND","0","7,542,807"
"RIGHTS.RIG_TITLE_STREAMING_CACHE","7,571,991","SYN_REG_ID_SEQ_IR , VALID_MSG","SYN_REG_ID_SEQ_IR","VALID_MSG","0","7,542,809"
"RIGHTS.RIG_TITLE_STREAMING_CACHE","7,571,991","SYN_REG_ID_SEQ_IR , VALID_TO_DATE","SYN_REG_ID_SEQ_IR","VALID_TO_DATE","0","7,542,809"
"RIGHTS.RIG_TITLE_STREAMING_CACHE","7,571,991","SYN_REG_ID_SEQ_OR , TERRITORY_CODE","SYN_REG_ID_SEQ_OR","TERRITORY_CODE","0","7,540,574"
"RIGHTS.RIG_TITLE_STREAMING_CACHE","7,571,991","SYN_REG_ID_SEQ_OR , VALID_FROM_DATE","SYN_REG_ID_SEQ_OR","VALID_FROM_DATE","0","7,540,574"
"RIGHTS.RIG_TITLE_STREAMING_CACHE","7,571,991","SYN_REG_ID_SEQ_OR , VALID_IND","SYN_REG_ID_SEQ_OR","VALID_IND","0","7,540,574"
"RIGHTS.RIG_TITLE_STREAMING_CACHE","7,571,991","ID_SEQ , SYN_REG_ID_SEQ_OR","ID_SEQ","SYN_REG_ID_SEQ_OR","0","7,540,540"
"RIGHTS.RIG_TITLE_STREAMING_CACHE","7,571,991","SYN_REG_ID_SEQ_OR , VALID_MSG","SYN_REG_ID_SEQ_OR","VALID_MSG","0","7,540,574"
"RIGHTS.RIG_TITLE_STREAMING_CACHE","7,571,991","SYN_REG_ID_SEQ_OR , VALID_TO_DATE","SYN_REG_ID_SEQ_OR","VALID_TO_DATE","0","7,540,574"
"RIGHTS.RIG_TITLE_STREAMING_CACHE","7,571,991","TERRITORY_CODE , VALID_FROM_DATE","TERRITORY_CODE","VALID_FROM_DATE","0","7,572,279"
"RIGHTS.RIG_TITLE_STREAMING_CACHE","7,571,991","TERRITORY_CODE , VALID_IND","TERRITORY_CODE","VALID_IND","0","7,572,279"
"RIGHTS.RIG_TITLE_STREAMING_CACHE","7,571,991","TERRITORY_CODE , VALID_MSG","TERRITORY_CODE","VALID_MSG","0","7,572,279"
"RIGHTS.RIG_TITLE_STREAMING_CACHE","7,571,991","TERRITORY_CODE , VALID_TO_DATE","TERRITORY_CODE","VALID_TO_DATE","0","7,572,279"
"RIGHTS.RIG_TITLE_STREAMING_CACHE","7,571,991","VALID_FROM_DATE , VALID_IND","VALID_FROM_DATE","VALID_IND","0","7,572,279"
"RIGHTS.RIG_TITLE_STREAMING_CACHE","7,571,991","VALID_FROM_DATE , VALID_MSG","VALID_FROM_DATE","VALID_MSG","0","7,572,279"
"RIGHTS.RIG_TITLE_STREAMING_CACHE","7,571,991","VALID_FROM_DATE , VALID_TO_DATE","VALID_FROM_DATE","VALID_TO_DATE","0","7,572,279"
"RIGHTS.RIG_TITLE_STREAMING_CACHE","7,571,991","VALID_IND , VALID_MSG","VALID_IND","VALID_MSG","0","7,572,279"
"RIGHTS.RIG_TITLE_STREAMING_CACHE","7,571,991","ID_SEQ , TERRITORY_CODE","ID_SEQ","TERRITORY_CODE","0","7,572,243"
"RIGHTS.RIG_TITLE_STREAMING_CACHE","7,571,991","VALID_IND , VALID_TO_DATE","VALID_IND","VALID_TO_DATE","0","7,572,279"
"RIGHTS.RIG_TITLE_STREAMING_CACHE","7,571,991","VALID_MSG , VALID_TO_DATE","VALID_MSG","VALID_TO_DATE","0","7,572,279"
"RIGHTS.RIG_TITLE_STREAMING_CACHE_OLD","0","ID_SEQ , LANGUAGE_CODE","ID_SEQ","LANGUAGE_CODE","0","0"
"RIGHTS.RIG_TITLE_STREAMING_CACHE_OLD","0","ID_SEQ , TERRITORY_CODE","ID_SEQ","TERRITORY_CODE","0","0"
"RIGHTS.RIG_TITLE_STREAMING_CACHE_OLD","0","VALID_FROM_DATE , VALID_IND","VALID_FROM_DATE","VALID_IND","0","0"
"RIGHTS.RIG_TITLE_STREAMING_CACHE_OLD","0","VALID_FROM_DATE , VALID_MSG","VALID_FROM_DATE","VALID_MSG","0","0"
"RIGHTS.RIG_TITLE_STREAMING_CACHE_OLD","0","VALID_FROM_DATE , VALID_TO_DATE","VALID_FROM_DATE","VALID_TO_DATE","0","0"
"RIGHTS.RIG_TITLE_STREAMING_CACHE_OLD","0","VALID_IND , VALID_MSG","VALID_IND","VALID_MSG","0","0"
"RIGHTS.RIG_TITLE_STREAMING_CACHE_OLD","0","VALID_IND , VALID_TO_DATE","VALID_IND","VALID_TO_DATE","0","0"
"RIGHTS.RIG_TITLE_STREAMING_CACHE_OLD","0","VALID_MSG , VALID_TO_DATE","VALID_MSG","VALID_TO_DATE","0","0"
"RIGHTS.RIG_TITLE_STREAMING_CACHE_OLD","0","ID_SEQ , VALID_FROM_DATE","ID_SEQ","VALID_FROM_DATE","0","0"
"RIGHTS.RIG_TITLE_STREAMING_CACHE_OLD","0","ID_SEQ , VALID_IND","ID_SEQ","VALID_IND","0","0"
"RIGHTS.RIG_TITLE_STREAMING_CACHE_OLD","0","ID_SEQ , VALID_MSG","ID_SEQ","VALID_MSG","0","0"
"RIGHTS.RIG_TITLE_STREAMING_CACHE_OLD","0","ID_SEQ , VALID_TO_DATE","ID_SEQ","VALID_TO_DATE","0","0"
"RIGHTS.RIG_TITLE_STREAMING_CACHE_OLD","0","LANGUAGE_CODE , MARKET_CODE","LANGUAGE_CODE","MARKET_CODE","0","0"
"RIGHTS.RIG_TITLE_STREAMING_CACHE_OLD","0","LANGUAGE_CODE , NB_REQUEST","LANGUAGE_CODE","NB_REQUEST","0","0"
"RIGHTS.RIG_TITLE_STREAMING_CACHE_OLD","0","LANGUAGE_CODE , PURGE_DATE","LANGUAGE_CODE","PURGE_DATE","0","0"
"RIGHTS.RIG_TITLE_STREAMING_CACHE_OLD","0","LANGUAGE_CODE , SALE_QUALIFIER","LANGUAGE_CODE","SALE_QUALIFIER","0","0"
"RIGHTS.RIG_TITLE_STREAMING_CACHE_OLD","0","LANGUAGE_CODE , SUPPORT_CODE","LANGUAGE_CODE","SUPPORT_CODE","0","0"
"RIGHTS.RIG_TITLE_STREAMING_CACHE_OLD","0","ID_SEQ , MARKET_CODE","ID_SEQ","MARKET_CODE","0","0"
"RIGHTS.RIG_TITLE_STREAMING_CACHE_OLD","0","LANGUAGE_CODE , SYN_REG_ID_SEQ","LANGUAGE_CODE","SYN_REG_ID_SEQ","0","0"
"RIGHTS.RIG_TITLE_STREAMING_CACHE_OLD","0","LANGUAGE_CODE , SYN_REG_ID_SEQ_IR","LANGUAGE_CODE","SYN_REG_ID_SEQ_IR","0","0"
"RIGHTS.RIG_TITLE_STREAMING_CACHE_OLD","0","LANGUAGE_CODE , SYN_REG_ID_SEQ_OR","LANGUAGE_CODE","SYN_REG_ID_SEQ_OR","0","0"
"RIGHTS.RIG_TITLE_STREAMING_CACHE_OLD","0","LANGUAGE_CODE , TERRITORY_CODE","LANGUAGE_CODE","TERRITORY_CODE","0","0"
"RIGHTS.RIG_TITLE_STREAMING_CACHE_OLD","0","LANGUAGE_CODE , VALID_FROM_DATE","LANGUAGE_CODE","VALID_FROM_DATE","0","0"
"RIGHTS.RIG_TITLE_STREAMING_CACHE_OLD","0","LANGUAGE_CODE , VALID_IND","LANGUAGE_CODE","VALID_IND","0","0"
"RIGHTS.RIG_TITLE_STREAMING_CACHE_OLD","0","LANGUAGE_CODE , VALID_MSG","LANGUAGE_CODE","VALID_MSG","0","0"
"RIGHTS.RIG_TITLE_STREAMING_CACHE_OLD","0","LANGUAGE_CODE , VALID_TO_DATE","LANGUAGE_CODE","VALID_TO_DATE","0","0"
"RIGHTS.RIG_TITLE_STREAMING_CACHE_OLD","0","MARKET_CODE , NB_REQUEST","MARKET_CODE","NB_REQUEST","0","0"
"RIGHTS.RIG_TITLE_STREAMING_CACHE_OLD","0","MARKET_CODE , PURGE_DATE","MARKET_CODE","PURGE_DATE","0","0"
"RIGHTS.RIG_TITLE_STREAMING_CACHE_OLD","0","ID_SEQ , NB_REQUEST","ID_SEQ","NB_REQUEST","0","0"
"RIGHTS.RIG_TITLE_STREAMING_CACHE_OLD","0","MARKET_CODE , SALE_QUALIFIER","MARKET_CODE","SALE_QUALIFIER","0","0"
"RIGHTS.RIG_TITLE_STREAMING_CACHE_OLD","0","MARKET_CODE , SUPPORT_CODE","MARKET_CODE","SUPPORT_CODE","0","0"
"RIGHTS.RIG_TITLE_STREAMING_CACHE_OLD","0","MARKET_CODE , SYN_REG_ID_SEQ","MARKET_CODE","SYN_REG_ID_SEQ","0","0"
"RIGHTS.RIG_TITLE_STREAMING_CACHE_OLD","0","MARKET_CODE , SYN_REG_ID_SEQ_IR","MARKET_CODE","SYN_REG_ID_SEQ_IR","0","0"
"RIGHTS.RIG_TITLE_STREAMING_CACHE_OLD","0","MARKET_CODE , SYN_REG_ID_SEQ_OR","MARKET_CODE","SYN_REG_ID_SEQ_OR","0","0"
"RIGHTS.RIG_TITLE_STREAMING_CACHE_OLD","0","MARKET_CODE , TERRITORY_CODE","MARKET_CODE","TERRITORY_CODE","0","0"
"RIGHTS.RIG_TITLE_STREAMING_CACHE_OLD","0","MARKET_CODE , VALID_FROM_DATE","MARKET_CODE","VALID_FROM_DATE","0","0"
"RIGHTS.RIG_TITLE_STREAMING_CACHE_OLD","0","MARKET_CODE , VALID_IND","MARKET_CODE","VALID_IND","0","0"
"RIGHTS.RIG_TITLE_STREAMING_CACHE_OLD","0","MARKET_CODE , VALID_MSG","MARKET_CODE","VALID_MSG","0","0"
"RIGHTS.RIG_TITLE_STREAMING_CACHE_OLD","0","MARKET_CODE , VALID_TO_DATE","MARKET_CODE","VALID_TO_DATE","0","0"
"RIGHTS.RIG_TITLE_STREAMING_CACHE_OLD","0","ID_SEQ , PURGE_DATE","ID_SEQ","PURGE_DATE","0","0"
"RIGHTS.RIG_TITLE_STREAMING_CACHE_OLD","0","NB_REQUEST , PURGE_DATE","NB_REQUEST","PURGE_DATE","0","0"
"RIGHTS.RIG_TITLE_STREAMING_CACHE_OLD","0","NB_REQUEST , SALE_QUALIFIER","NB_REQUEST","SALE_QUALIFIER","0","0"
"RIGHTS.RIG_TITLE_STREAMING_CACHE_OLD","0","NB_REQUEST , SUPPORT_CODE","NB_REQUEST","SUPPORT_CODE","0","0"
"RIGHTS.RIG_TITLE_STREAMING_CACHE_OLD","0","NB_REQUEST , SYN_REG_ID_SEQ","NB_REQUEST","SYN_REG_ID_SEQ","0","0"
"RIGHTS.RIG_TITLE_STREAMING_CACHE_OLD","0","NB_REQUEST , SYN_REG_ID_SEQ_IR","NB_REQUEST","SYN_REG_ID_SEQ_IR","0","0"
"RIGHTS.RIG_TITLE_STREAMING_CACHE_OLD","0","NB_REQUEST , SYN_REG_ID_SEQ_OR","NB_REQUEST","SYN_REG_ID_SEQ_OR","0","0"
"RIGHTS.RIG_TITLE_STREAMING_CACHE_OLD","0","NB_REQUEST , TERRITORY_CODE","NB_REQUEST","TERRITORY_CODE","0","0"
"RIGHTS.RIG_TITLE_STREAMING_CACHE_OLD","0","NB_REQUEST , VALID_FROM_DATE","NB_REQUEST","VALID_FROM_DATE","0","0"
"RIGHTS.RIG_TITLE_STREAMING_CACHE_OLD","0","NB_REQUEST , VALID_IND","NB_REQUEST","VALID_IND","0","0"
"RIGHTS.RIG_TITLE_STREAMING_CACHE_OLD","0","NB_REQUEST , VALID_MSG","NB_REQUEST","VALID_MSG","0","0"
"RIGHTS.RIG_TITLE_STREAMING_CACHE_OLD","0","ID_SEQ , SALE_QUALIFIER","ID_SEQ","SALE_QUALIFIER","0","0"
"RIGHTS.RIG_TITLE_STREAMING_CACHE_OLD","0","NB_REQUEST , VALID_TO_DATE","NB_REQUEST","VALID_TO_DATE","0","0"
"RIGHTS.RIG_TITLE_STREAMING_CACHE_OLD","0","PURGE_DATE , SALE_QUALIFIER","PURGE_DATE","SALE_QUALIFIER","0","0"
"RIGHTS.RIG_TITLE_STREAMING_CACHE_OLD","0","PURGE_DATE , SUPPORT_CODE","PURGE_DATE","SUPPORT_CODE","0","0"
"RIGHTS.RIG_TITLE_STREAMING_CACHE_OLD","0","PURGE_DATE , SYN_REG_ID_SEQ","PURGE_DATE","SYN_REG_ID_SEQ","0","0"
"RIGHTS.RIG_TITLE_STREAMING_CACHE_OLD","0","PURGE_DATE , SYN_REG_ID_SEQ_IR","PURGE_DATE","SYN_REG_ID_SEQ_IR","0","0"
"RIGHTS.RIG_TITLE_STREAMING_CACHE_OLD","0","PURGE_DATE , SYN_REG_ID_SEQ_OR","PURGE_DATE","SYN_REG_ID_SEQ_OR","0","0"
"RIGHTS.RIG_TITLE_STREAMING_CACHE_OLD","0","PURGE_DATE , TERRITORY_CODE","PURGE_DATE","TERRITORY_CODE","0","0"
"RIGHTS.RIG_TITLE_STREAMING_CACHE_OLD","0","PURGE_DATE , VALID_FROM_DATE","PURGE_DATE","VALID_FROM_DATE","0","0"
"RIGHTS.RIG_TITLE_STREAMING_CACHE_OLD","0","PURGE_DATE , VALID_IND","PURGE_DATE","VALID_IND","0","0"
"RIGHTS.RIG_TITLE_STREAMING_CACHE_OLD","0","PURGE_DATE , VALID_MSG","PURGE_DATE","VALID_MSG","0","0"
"RIGHTS.RIG_TITLE_STREAMING_CACHE_OLD","0","ID_SEQ , SUPPORT_CODE","ID_SEQ","SUPPORT_CODE","0","0"
"RIGHTS.RIG_TITLE_STREAMING_CACHE_OLD","0","PURGE_DATE , VALID_TO_DATE","PURGE_DATE","VALID_TO_DATE","0","0"
"RIGHTS.RIG_TITLE_STREAMING_CACHE_OLD","0","SALE_QUALIFIER , SUPPORT_CODE","SALE_QUALIFIER","SUPPORT_CODE","0","0"
"RIGHTS.RIG_TITLE_STREAMING_CACHE_OLD","0","SALE_QUALIFIER , SYN_REG_ID_SEQ","SALE_QUALIFIER","SYN_REG_ID_SEQ","0","0"
"RIGHTS.RIG_TITLE_STREAMING_CACHE_OLD","0","SALE_QUALIFIER , SYN_REG_ID_SEQ_IR","SALE_QUALIFIER","SYN_REG_ID_SEQ_IR","0","0"
"RIGHTS.RIG_TITLE_STREAMING_CACHE_OLD","0","SALE_QUALIFIER , SYN_REG_ID_SEQ_OR","SALE_QUALIFIER","SYN_REG_ID_SEQ_OR","0","0"
"RIGHTS.RIG_TITLE_STREAMING_CACHE_OLD","0","SALE_QUALIFIER , TERRITORY_CODE","SALE_QUALIFIER","TERRITORY_CODE","0","0"
"RIGHTS.RIG_TITLE_STREAMING_CACHE_OLD","0","SALE_QUALIFIER , VALID_FROM_DATE","SALE_QUALIFIER","VALID_FROM_DATE","0","0"
"RIGHTS.RIG_TITLE_STREAMING_CACHE_OLD","0","SALE_QUALIFIER , VALID_IND","SALE_QUALIFIER","VALID_IND","0","0"
"RIGHTS.RIG_TITLE_STREAMING_CACHE_OLD","0","SALE_QUALIFIER , VALID_MSG","SALE_QUALIFIER","VALID_MSG","0","0"
"RIGHTS.RIG_TITLE_STREAMING_CACHE_OLD","0","SALE_QUALIFIER , VALID_TO_DATE","SALE_QUALIFIER","VALID_TO_DATE","0","0"
"RIGHTS.RIG_TITLE_STREAMING_CACHE_OLD","0","ID_SEQ , SYN_REG_ID_SEQ","ID_SEQ","SYN_REG_ID_SEQ","0","0"
"RIGHTS.RIG_TITLE_STREAMING_CACHE_OLD","0","SUPPORT_CODE , SYN_REG_ID_SEQ","SUPPORT_CODE","SYN_REG_ID_SEQ","0","0"
"RIGHTS.RIG_TITLE_STREAMING_CACHE_OLD","0","SUPPORT_CODE , SYN_REG_ID_SEQ_IR","SUPPORT_CODE","SYN_REG_ID_SEQ_IR","0","0"
"RIGHTS.RIG_TITLE_STREAMING_CACHE_OLD","0","SUPPORT_CODE , SYN_REG_ID_SEQ_OR","SUPPORT_CODE","SYN_REG_ID_SEQ_OR","0","0"
"RIGHTS.RIG_TITLE_STREAMING_CACHE_OLD","0","SUPPORT_CODE , TERRITORY_CODE","SUPPORT_CODE","TERRITORY_CODE","0","0"
"RIGHTS.RIG_TITLE_STREAMING_CACHE_OLD","0","SUPPORT_CODE , VALID_FROM_DATE","SUPPORT_CODE","VALID_FROM_DATE","0","0"
"RIGHTS.RIG_TITLE_STREAMING_CACHE_OLD","0","SUPPORT_CODE , VALID_IND","SUPPORT_CODE","VALID_IND","0","0"
"RIGHTS.RIG_TITLE_STREAMING_CACHE_OLD","0","SUPPORT_CODE , VALID_MSG","SUPPORT_CODE","VALID_MSG","0","0"
"RIGHTS.RIG_TITLE_STREAMING_CACHE_OLD","0","SUPPORT_CODE , VALID_TO_DATE","SUPPORT_CODE","VALID_TO_DATE","0","0"
"RIGHTS.RIG_TITLE_STREAMING_CACHE_OLD","0","SYN_REG_ID_SEQ , SYN_REG_ID_SEQ_IR","SYN_REG_ID_SEQ","SYN_REG_ID_SEQ_IR","0","0"
"RIGHTS.RIG_TITLE_STREAMING_CACHE_OLD","0","SYN_REG_ID_SEQ , SYN_REG_ID_SEQ_OR","SYN_REG_ID_SEQ","SYN_REG_ID_SEQ_OR","0","0"
"RIGHTS.RIG_TITLE_STREAMING_CACHE_OLD","0","ID_SEQ , SYN_REG_ID_SEQ_IR","ID_SEQ","SYN_REG_ID_SEQ_IR","0","0"
"RIGHTS.RIG_TITLE_STREAMING_CACHE_OLD","0","SYN_REG_ID_SEQ , TERRITORY_CODE","SYN_REG_ID_SEQ","TERRITORY_CODE","0","0"
"RIGHTS.RIG_TITLE_STREAMING_CACHE_OLD","0","SYN_REG_ID_SEQ , VALID_FROM_DATE","SYN_REG_ID_SEQ","VALID_FROM_DATE","0","0"
"RIGHTS.RIG_TITLE_STREAMING_CACHE_OLD","0","SYN_REG_ID_SEQ , VALID_IND","SYN_REG_ID_SEQ","VALID_IND","0","0"
"RIGHTS.RIG_TITLE_STREAMING_CACHE_OLD","0","SYN_REG_ID_SEQ , VALID_MSG","SYN_REG_ID_SEQ","VALID_MSG","0","0"
"RIGHTS.RIG_TITLE_STREAMING_CACHE_OLD","0","SYN_REG_ID_SEQ , VALID_TO_DATE","SYN_REG_ID_SEQ","VALID_TO_DATE","0","0"
"RIGHTS.RIG_TITLE_STREAMING_CACHE_OLD","0","SYN_REG_ID_SEQ_IR , SYN_REG_ID_SEQ_OR","SYN_REG_ID_SEQ_IR","SYN_REG_ID_SEQ_OR","0","0"
"RIGHTS.RIG_TITLE_STREAMING_CACHE_OLD","0","SYN_REG_ID_SEQ_IR , TERRITORY_CODE","SYN_REG_ID_SEQ_IR","TERRITORY_CODE","0","0"
"RIGHTS.RIG_TITLE_STREAMING_CACHE_OLD","0","SYN_REG_ID_SEQ_IR , VALID_FROM_DATE","SYN_REG_ID_SEQ_IR","VALID_FROM_DATE","0","0"
"RIGHTS.RIG_TITLE_STREAMING_CACHE_OLD","0","SYN_REG_ID_SEQ_IR , VALID_IND","SYN_REG_ID_SEQ_IR","VALID_IND","0","0"
"RIGHTS.RIG_TITLE_STREAMING_CACHE_OLD","0","SYN_REG_ID_SEQ_IR , VALID_MSG","SYN_REG_ID_SEQ_IR","VALID_MSG","0","0"
"RIGHTS.RIG_TITLE_STREAMING_CACHE_OLD","0","ID_SEQ , SYN_REG_ID_SEQ_OR","ID_SEQ","SYN_REG_ID_SEQ_OR","0","0"
"RIGHTS.RIG_TITLE_STREAMING_CACHE_OLD","0","SYN_REG_ID_SEQ_IR , VALID_TO_DATE","SYN_REG_ID_SEQ_IR","VALID_TO_DATE","0","0"
"RIGHTS.RIG_TITLE_STREAMING_CACHE_OLD","0","SYN_REG_ID_SEQ_OR , TERRITORY_CODE","SYN_REG_ID_SEQ_OR","TERRITORY_CODE","0","0"
"RIGHTS.RIG_TITLE_STREAMING_CACHE_OLD","0","SYN_REG_ID_SEQ_OR , VALID_FROM_DATE","SYN_REG_ID_SEQ_OR","VALID_FROM_DATE","0","0"
"RIGHTS.RIG_TITLE_STREAMING_CACHE_OLD","0","SYN_REG_ID_SEQ_OR , VALID_IND","SYN_REG_ID_SEQ_OR","VALID_IND","0","0"
"RIGHTS.RIG_TITLE_STREAMING_CACHE_OLD","0","SYN_REG_ID_SEQ_OR , VALID_MSG","SYN_REG_ID_SEQ_OR","VALID_MSG","0","0"
"RIGHTS.RIG_TITLE_STREAMING_CACHE_OLD","0","SYN_REG_ID_SEQ_OR , VALID_TO_DATE","SYN_REG_ID_SEQ_OR","VALID_TO_DATE","0","0"
"RIGHTS.RIG_TITLE_STREAMING_CACHE_OLD","0","TERRITORY_CODE , VALID_FROM_DATE","TERRITORY_CODE","VALID_FROM_DATE","0","0"
"RIGHTS.RIG_TITLE_STREAMING_CACHE_OLD","0","TERRITORY_CODE , VALID_IND","TERRITORY_CODE","VALID_IND","0","0"
"RIGHTS.RIG_TITLE_STREAMING_CACHE_OLD","0","TERRITORY_CODE , VALID_MSG","TERRITORY_CODE","VALID_MSG","0","0"
"RIGHTS.RIG_TITLE_STREAMING_CACHE_OLD","0","TERRITORY_CODE , VALID_TO_DATE","TERRITORY_CODE","VALID_TO_DATE","0","0"
"RIGHTS.RIG_TITLE_STREAMING_LOG","31,498,810","CACHE_USED , END_DATE","CACHE_USED","END_DATE","0","31,499,298"
"RIGHTS.RIG_TITLE_STREAMING_LOG","31,498,810","CACHE_USED , SYN_REG_ID_SEQ_OR","CACHE_USED","SYN_REG_ID_SEQ_OR","0","26,629,372"
"RIGHTS.RIG_TITLE_STREAMING_LOG","31,498,810","CACHE_USED , TERRITORY_CODE","CACHE_USED","TERRITORY_CODE","0","31,499,215"
"RIGHTS.RIG_TITLE_STREAMING_LOG","31,498,810","CACHE_USED , VALID_IND","CACHE_USED","VALID_IND","0","31,499,300"
"RIGHTS.RIG_TITLE_STREAMING_LOG","31,498,810","CACHE_USED , VALID_MSG","CACHE_USED","VALID_MSG","0","31,499,302"
"RIGHTS.RIG_TITLE_STREAMING_LOG","31,498,810","END_DATE , ID_SEQ","END_DATE","ID_SEQ","0","31,499,302"
"RIGHTS.RIG_TITLE_STREAMING_LOG","31,498,810","END_DATE , LANGUAGE_CODE","END_DATE","LANGUAGE_CODE","0","31,499,215"
"RIGHTS.RIG_TITLE_STREAMING_LOG","31,498,810","END_DATE , MARKET_CODE","END_DATE","MARKET_CODE","0","31,499,215"
"RIGHTS.RIG_TITLE_STREAMING_LOG","31,498,810","END_DATE , SALE_QUALIFIER","END_DATE","SALE_QUALIFIER","0","31,499,215"
"RIGHTS.RIG_TITLE_STREAMING_LOG","31,498,810","END_DATE , START_DATE","END_DATE","START_DATE","0","31,499,302"
"RIGHTS.RIG_TITLE_STREAMING_LOG","31,498,810","END_DATE , SUPPORT_CODE","END_DATE","SUPPORT_CODE","0","31,499,214"
"RIGHTS.RIG_TITLE_STREAMING_LOG","31,498,810","CACHE_USED , ID_SEQ","CACHE_USED","ID_SEQ","0","31,499,298"
"RIGHTS.RIG_TITLE_STREAMING_LOG","31,498,810","END_DATE , SYN_REG_ID_SEQ","END_DATE","SYN_REG_ID_SEQ","0","31,499,302"
"RIGHTS.RIG_TITLE_STREAMING_LOG","31,498,810","END_DATE , SYN_REG_ID_SEQ_IR","END_DATE","SYN_REG_ID_SEQ_IR","0","26,635,417"
"RIGHTS.RIG_TITLE_STREAMING_LOG","31,498,810","END_DATE , SYN_REG_ID_SEQ_OR","END_DATE","SYN_REG_ID_SEQ_OR","0","26,629,376"
"RIGHTS.RIG_TITLE_STREAMING_LOG","31,498,810","END_DATE , TERRITORY_CODE","END_DATE","TERRITORY_CODE","0","31,499,219"
"RIGHTS.RIG_TITLE_STREAMING_LOG","31,498,810","END_DATE , VALID_IND","END_DATE","VALID_IND","0","31,499,306"
"RIGHTS.RIG_TITLE_STREAMING_LOG","31,498,810","END_DATE , VALID_MSG","END_DATE","VALID_MSG","0","31,499,306"
"RIGHTS.RIG_TITLE_STREAMING_LOG","31,498,810","ID_SEQ , LANGUAGE_CODE","ID_SEQ","LANGUAGE_CODE","0","31,499,219"
"RIGHTS.RIG_TITLE_STREAMING_LOG","31,498,810","ID_SEQ , MARKET_CODE","ID_SEQ","MARKET_CODE","0","31,499,219"
"RIGHTS.RIG_TITLE_STREAMING_LOG","31,498,810","ID_SEQ , SALE_QUALIFIER","ID_SEQ","SALE_QUALIFIER","0","31,499,224"
"RIGHTS.RIG_TITLE_STREAMING_LOG","31,498,810","ID_SEQ , START_DATE","ID_SEQ","START_DATE","0","31,499,315"
"RIGHTS.RIG_TITLE_STREAMING_LOG","31,498,810","CACHE_USED , LANGUAGE_CODE","CACHE_USED","LANGUAGE_CODE","0","31,499,213"
"RIGHTS.RIG_TITLE_STREAMING_LOG","31,498,810","ID_SEQ , SUPPORT_CODE","ID_SEQ","SUPPORT_CODE","0","31,499,227"
"RIGHTS.RIG_TITLE_STREAMING_LOG","31,498,810","ID_SEQ , SYN_REG_ID_SEQ","ID_SEQ","SYN_REG_ID_SEQ","0","31,499,317"
"RIGHTS.RIG_TITLE_STREAMING_LOG","31,498,810","ID_SEQ , SYN_REG_ID_SEQ_IR","ID_SEQ","SYN_REG_ID_SEQ_IR","0","26,635,432"
"RIGHTS.RIG_TITLE_STREAMING_LOG","31,498,810","ID_SEQ , SYN_REG_ID_SEQ_OR","ID_SEQ","SYN_REG_ID_SEQ_OR","0","26,629,399"
"RIGHTS.RIG_TITLE_STREAMING_LOG","31,498,810","ID_SEQ , TERRITORY_CODE","ID_SEQ","TERRITORY_CODE","0","31,499,244"
"RIGHTS.RIG_TITLE_STREAMING_LOG","31,498,810","ID_SEQ , VALID_IND","ID_SEQ","VALID_IND","0","31,499,335"
"RIGHTS.RIG_TITLE_STREAMING_LOG","31,498,810","ID_SEQ , VALID_MSG","ID_SEQ","VALID_MSG","0","31,499,335"
"RIGHTS.RIG_TITLE_STREAMING_LOG","31,498,810","LANGUAGE_CODE , MARKET_CODE","LANGUAGE_CODE","MARKET_CODE","87","31,499,252"
"RIGHTS.RIG_TITLE_STREAMING_LOG","31,498,810","LANGUAGE_CODE , SALE_QUALIFIER","LANGUAGE_CODE","SALE_QUALIFIER","87","31,499,254"
"RIGHTS.RIG_TITLE_STREAMING_LOG","31,498,810","LANGUAGE_CODE , START_DATE","LANGUAGE_CODE","START_DATE","0","31,499,256"
"RIGHTS.RIG_TITLE_STREAMING_LOG","31,498,810","CACHE_USED , MARKET_CODE","CACHE_USED","MARKET_CODE","0","31,499,213"
"RIGHTS.RIG_TITLE_STREAMING_LOG","31,498,810","LANGUAGE_CODE , SUPPORT_CODE","LANGUAGE_CODE","SUPPORT_CODE","87","31,499,255"
"RIGHTS.RIG_TITLE_STREAMING_LOG","31,498,810","LANGUAGE_CODE , SYN_REG_ID_SEQ","LANGUAGE_CODE","SYN_REG_ID_SEQ","0","31,499,256"
"RIGHTS.RIG_TITLE_STREAMING_LOG","31,498,810","LANGUAGE_CODE , SYN_REG_ID_SEQ_IR","LANGUAGE_CODE","SYN_REG_ID_SEQ_IR","0","26,635,369"
"RIGHTS.RIG_TITLE_STREAMING_LOG","31,498,810","LANGUAGE_CODE , SYN_REG_ID_SEQ_OR","LANGUAGE_CODE","SYN_REG_ID_SEQ_OR","0","26,629,330"
"RIGHTS.RIG_TITLE_STREAMING_LOG","31,498,810","LANGUAGE_CODE , TERRITORY_CODE","LANGUAGE_CODE","TERRITORY_CODE","85","31,499,258"
"RIGHTS.RIG_TITLE_STREAMING_LOG","31,498,810","LANGUAGE_CODE , VALID_IND","LANGUAGE_CODE","VALID_IND","0","31,499,258"
"RIGHTS.RIG_TITLE_STREAMING_LOG","31,498,810","LANGUAGE_CODE , VALID_MSG","LANGUAGE_CODE","VALID_MSG","0","31,499,258"
"RIGHTS.RIG_TITLE_STREAMING_LOG","31,498,810","MARKET_CODE , SALE_QUALIFIER","MARKET_CODE","SALE_QUALIFIER","87","31,499,258"
"RIGHTS.RIG_TITLE_STREAMING_LOG","31,498,810","MARKET_CODE , START_DATE","MARKET_CODE","START_DATE","0","31,499,258"
"RIGHTS.RIG_TITLE_STREAMING_LOG","31,498,810","MARKET_CODE , SUPPORT_CODE","MARKET_CODE","SUPPORT_CODE","87","31,499,257"
"RIGHTS.RIG_TITLE_STREAMING_LOG","31,498,810","CACHE_USED , SALE_QUALIFIER","CACHE_USED","SALE_QUALIFIER","0","31,499,213"
"RIGHTS.RIG_TITLE_STREAMING_LOG","31,498,810","MARKET_CODE , SYN_REG_ID_SEQ","MARKET_CODE","SYN_REG_ID_SEQ","0","31,499,258"
"RIGHTS.RIG_TITLE_STREAMING_LOG","31,498,810","MARKET_CODE , SYN_REG_ID_SEQ_IR","MARKET_CODE","SYN_REG_ID_SEQ_IR","0","26,635,410"
"RIGHTS.RIG_TITLE_STREAMING_LOG","31,498,810","MARKET_CODE , SYN_REG_ID_SEQ_OR","MARKET_CODE","SYN_REG_ID_SEQ_OR","0","26,629,369"
"RIGHTS.RIG_TITLE_STREAMING_LOG","31,498,810","MARKET_CODE , TERRITORY_CODE","MARKET_CODE","TERRITORY_CODE","85","31,499,297"
"RIGHTS.RIG_TITLE_STREAMING_LOG","31,498,810","MARKET_CODE , VALID_IND","MARKET_CODE","VALID_IND","0","31,499,297"
"RIGHTS.RIG_TITLE_STREAMING_LOG","31,498,810","MARKET_CODE , VALID_MSG","MARKET_CODE","VALID_MSG","0","31,499,297"
"RIGHTS.RIG_TITLE_STREAMING_LOG","31,498,810","SALE_QUALIFIER , START_DATE","SALE_QUALIFIER","START_DATE","0","31,499,297"
"RIGHTS.RIG_TITLE_STREAMING_LOG","31,498,810","SALE_QUALIFIER , SUPPORT_CODE","SALE_QUALIFIER","SUPPORT_CODE","87","31,499,296"
"RIGHTS.RIG_TITLE_STREAMING_LOG","31,498,810","SALE_QUALIFIER , SYN_REG_ID_SEQ","SALE_QUALIFIER","SYN_REG_ID_SEQ","0","31,499,297"
"RIGHTS.RIG_TITLE_STREAMING_LOG","31,498,810","SALE_QUALIFIER , SYN_REG_ID_SEQ_IR","SALE_QUALIFIER","SYN_REG_ID_SEQ_IR","0","26,635,412"
"RIGHTS.RIG_TITLE_STREAMING_LOG","31,498,810","CACHE_USED , START_DATE","CACHE_USED","START_DATE","0","31,499,300"
"RIGHTS.RIG_TITLE_STREAMING_LOG","31,498,810","SALE_QUALIFIER , SYN_REG_ID_SEQ_OR","SALE_QUALIFIER","SYN_REG_ID_SEQ_OR","0","26,629,371"
"RIGHTS.RIG_TITLE_STREAMING_LOG","31,498,810","SALE_QUALIFIER , TERRITORY_CODE","SALE_QUALIFIER","TERRITORY_CODE","85","31,499,299"
"RIGHTS.RIG_TITLE_STREAMING_LOG","31,498,810","SALE_QUALIFIER , VALID_IND","SALE_QUALIFIER","VALID_IND","0","31,499,299"
"RIGHTS.RIG_TITLE_STREAMING_LOG","31,498,810","SALE_QUALIFIER , VALID_MSG","SALE_QUALIFIER","VALID_MSG","0","31,499,300"
"RIGHTS.RIG_TITLE_STREAMING_LOG","31,498,810","START_DATE , SUPPORT_CODE","START_DATE","SUPPORT_CODE","0","31,499,300"
"RIGHTS.RIG_TITLE_STREAMING_LOG","31,498,810","START_DATE , SYN_REG_ID_SEQ","START_DATE","SYN_REG_ID_SEQ","0","31,499,391"
"RIGHTS.RIG_TITLE_STREAMING_LOG","31,498,810","START_DATE , SYN_REG_ID_SEQ_IR","START_DATE","SYN_REG_ID_SEQ_IR","0","26,635,508"
"RIGHTS.RIG_TITLE_STREAMING_LOG","31,498,810","START_DATE , SYN_REG_ID_SEQ_OR","START_DATE","SYN_REG_ID_SEQ_OR","0","26,629,467"
"RIGHTS.RIG_TITLE_STREAMING_LOG","31,498,810","START_DATE , TERRITORY_CODE","START_DATE","TERRITORY_CODE","0","31,499,312"
"RIGHTS.RIG_TITLE_STREAMING_LOG","31,498,810","START_DATE , VALID_IND","START_DATE","VALID_IND","0","31,499,397"
"RIGHTS.RIG_TITLE_STREAMING_LOG","31,498,810","CACHE_USED , SUPPORT_CODE","CACHE_USED","SUPPORT_CODE","0","31,499,212"
"RIGHTS.RIG_TITLE_STREAMING_LOG","31,498,810","START_DATE , VALID_MSG","START_DATE","VALID_MSG","0","31,499,399"
"RIGHTS.RIG_TITLE_STREAMING_LOG","31,498,810","SUPPORT_CODE , SYN_REG_ID_SEQ","SUPPORT_CODE","SYN_REG_ID_SEQ","0","31,499,311"
"RIGHTS.RIG_TITLE_STREAMING_LOG","31,498,810","SUPPORT_CODE , SYN_REG_ID_SEQ_IR","SUPPORT_CODE","SYN_REG_ID_SEQ_IR","0","26,635,424"
"RIGHTS.RIG_TITLE_STREAMING_LOG","31,498,810","SUPPORT_CODE , SYN_REG_ID_SEQ_OR","SUPPORT_CODE","SYN_REG_ID_SEQ_OR","0","26,629,383"
"RIGHTS.RIG_TITLE_STREAMING_LOG","31,498,810","SUPPORT_CODE , TERRITORY_CODE","SUPPORT_CODE","TERRITORY_CODE","85","31,499,315"
"RIGHTS.RIG_TITLE_STREAMING_LOG","31,498,810","SUPPORT_CODE , VALID_IND","SUPPORT_CODE","VALID_IND","0","31,499,315"
"RIGHTS.RIG_TITLE_STREAMING_LOG","31,498,810","SUPPORT_CODE , VALID_MSG","SUPPORT_CODE","VALID_MSG","0","31,499,317"
"RIGHTS.RIG_TITLE_STREAMING_LOG","31,498,810","SYN_REG_ID_SEQ , SYN_REG_ID_SEQ_IR","SYN_REG_ID_SEQ","SYN_REG_ID_SEQ_IR","0","26,635,520"
"RIGHTS.RIG_TITLE_STREAMING_LOG","31,498,810","SYN_REG_ID_SEQ , SYN_REG_ID_SEQ_OR","SYN_REG_ID_SEQ","SYN_REG_ID_SEQ_OR","0","26,629,479"
"RIGHTS.RIG_TITLE_STREAMING_LOG","31,498,810","SYN_REG_ID_SEQ , TERRITORY_CODE","SYN_REG_ID_SEQ","TERRITORY_CODE","0","31,499,322"
"RIGHTS.RIG_TITLE_STREAMING_LOG","31,498,810","CACHE_USED , SYN_REG_ID_SEQ","CACHE_USED","SYN_REG_ID_SEQ","0","31,499,300"
"RIGHTS.RIG_TITLE_STREAMING_LOG","31,498,810","SYN_REG_ID_SEQ , VALID_IND","SYN_REG_ID_SEQ","VALID_IND","0","31,499,409"
"RIGHTS.RIG_TITLE_STREAMING_LOG","31,498,810","SYN_REG_ID_SEQ , VALID_MSG","SYN_REG_ID_SEQ","VALID_MSG","0","31,499,411"
"RIGHTS.RIG_TITLE_STREAMING_LOG","31,498,810","SYN_REG_ID_SEQ_IR , SYN_REG_ID_SEQ_OR","SYN_REG_ID_SEQ_IR","SYN_REG_ID_SEQ_OR","4,863,887","26,629,483"
"RIGHTS.RIG_TITLE_STREAMING_LOG","31,498,810","SYN_REG_ID_SEQ_IR , TERRITORY_CODE","SYN_REG_ID_SEQ_IR","TERRITORY_CODE","0","26,635,439"
"RIGHTS.RIG_TITLE_STREAMING_LOG","31,498,810","SYN_REG_ID_SEQ_IR , VALID_IND","SYN_REG_ID_SEQ_IR","VALID_IND","0","26,635,524"
"RIGHTS.RIG_TITLE_STREAMING_LOG","31,498,810","SYN_REG_ID_SEQ_IR , VALID_MSG","SYN_REG_ID_SEQ_IR","VALID_MSG","0","26,635,524"
"RIGHTS.RIG_TITLE_STREAMING_LOG","31,498,810","SYN_REG_ID_SEQ_OR , TERRITORY_CODE","SYN_REG_ID_SEQ_OR","TERRITORY_CODE","0","26,629,398"
"RIGHTS.RIG_TITLE_STREAMING_LOG","31,498,810","SYN_REG_ID_SEQ_OR , VALID_IND","SYN_REG_ID_SEQ_OR","VALID_IND","0","26,629,483"
"RIGHTS.RIG_TITLE_STREAMING_LOG","31,498,810","SYN_REG_ID_SEQ_OR , VALID_MSG","SYN_REG_ID_SEQ_OR","VALID_MSG","0","26,629,484"
"RIGHTS.RIG_TITLE_STREAMING_LOG","31,498,810","TERRITORY_CODE , VALID_IND","TERRITORY_CODE","VALID_IND","0","31,499,327"
"RIGHTS.RIG_TITLE_STREAMING_LOG","31,498,810","CACHE_USED , SYN_REG_ID_SEQ_IR","CACHE_USED","SYN_REG_ID_SEQ_IR","0","26,635,413"
"RIGHTS.RIG_TITLE_STREAMING_LOG","31,498,810","TERRITORY_CODE , VALID_MSG","TERRITORY_CODE","VALID_MSG","0","31,499,327"
"RIGHTS.RIG_TITLE_STREAMING_LOG","31,498,810","VALID_IND , VALID_MSG","VALID_IND","VALID_MSG","0","31,499,412"
"RIGHTS.RIG_TREE_RIGHTS","2,716,681","CREATED_BY , CREATION_DATE","CREATED_BY","CREATION_DATE","0","2,716,681"
"RIGHTS.RIG_TREE_RIGHTS","2,716,681","CREATION_DATE , ID_SEQ_PARENT","CREATION_DATE","ID_SEQ_PARENT","0","2,673,470"
"RIGHTS.RIG_TREE_RIGHTS","2,716,681","CREATION_DATE , LAST_UPDATED_BY","CREATION_DATE","LAST_UPDATED_BY","0","2,716,681"
"RIGHTS.RIG_TREE_RIGHTS","2,716,681","CREATION_DATE , LAST_UPDATE_DATE","CREATION_DATE","LAST_UPDATE_DATE","0","2,716,681"
"RIGHTS.RIG_TREE_RIGHTS","2,716,681","CREATION_DATE , NODE_ID_SEQ","CREATION_DATE","NODE_ID_SEQ","0","1,505,987"
"RIGHTS.RIG_TREE_RIGHTS","2,716,681","CREATION_DATE , RIG_TIR_ID_SEQ","CREATION_DATE","RIG_TIR_ID_SEQ","0","2,716,681"
"RIGHTS.RIG_TREE_RIGHTS","2,716,681","CREATION_DATE , RIG_TST_ID_SEQ","CREATION_DATE","RIG_TST_ID_SEQ","0","2,716,681"
"RIGHTS.RIG_TREE_RIGHTS","2,716,681","ID_SEQ , ID_SEQ_PARENT","ID_SEQ","ID_SEQ_PARENT","0","2,673,470"
"RIGHTS.RIG_TREE_RIGHTS","2,716,681","ID_SEQ , LAST_UPDATED_BY","ID_SEQ","LAST_UPDATED_BY","0","2,716,681"
"RIGHTS.RIG_TREE_RIGHTS","2,716,681","ID_SEQ , LAST_UPDATE_DATE","ID_SEQ","LAST_UPDATE_DATE","0","2,716,681"
"RIGHTS.RIG_TREE_RIGHTS","2,716,681","ID_SEQ , NODE_ID_SEQ","ID_SEQ","NODE_ID_SEQ","0","1,505,987"
"RIGHTS.RIG_TREE_RIGHTS","2,716,681","CREATED_BY , ID_SEQ","CREATED_BY","ID_SEQ","0","2,716,681"
"RIGHTS.RIG_TREE_RIGHTS","2,716,681","ID_SEQ , RIG_TIR_ID_SEQ","ID_SEQ","RIG_TIR_ID_SEQ","0","2,716,681"
"RIGHTS.RIG_TREE_RIGHTS","2,716,681","ID_SEQ , RIG_TST_ID_SEQ","ID_SEQ","RIG_TST_ID_SEQ","0","2,716,681"
"RIGHTS.RIG_TREE_RIGHTS","2,716,681","ID_SEQ_PARENT , LAST_UPDATED_BY","ID_SEQ_PARENT","LAST_UPDATED_BY","0","2,673,470"
"RIGHTS.RIG_TREE_RIGHTS","2,716,681","ID_SEQ_PARENT , LAST_UPDATE_DATE","ID_SEQ_PARENT","LAST_UPDATE_DATE","0","2,673,470"
"RIGHTS.RIG_TREE_RIGHTS","2,716,681","ID_SEQ_PARENT , NODE_ID_SEQ","ID_SEQ_PARENT","NODE_ID_SEQ","43,211","1,505,987"
"RIGHTS.RIG_TREE_RIGHTS","2,716,681","ID_SEQ_PARENT , RIG_TIR_ID_SEQ","ID_SEQ_PARENT","RIG_TIR_ID_SEQ","0","2,673,470"
"RIGHTS.RIG_TREE_RIGHTS","2,716,681","ID_SEQ_PARENT , RIG_TST_ID_SEQ","ID_SEQ_PARENT","RIG_TST_ID_SEQ","0","2,673,470"
"RIGHTS.RIG_TREE_RIGHTS","2,716,681","LAST_UPDATED_BY , LAST_UPDATE_DATE","LAST_UPDATED_BY","LAST_UPDATE_DATE","0","2,716,681"
"RIGHTS.RIG_TREE_RIGHTS","2,716,681","LAST_UPDATED_BY , NODE_ID_SEQ","LAST_UPDATED_BY","NODE_ID_SEQ","0","1,505,987"
"RIGHTS.RIG_TREE_RIGHTS","2,716,681","LAST_UPDATED_BY , RIG_TIR_ID_SEQ","LAST_UPDATED_BY","RIG_TIR_ID_SEQ","0","2,716,681"
"RIGHTS.RIG_TREE_RIGHTS","2,716,681","CREATED_BY , ID_SEQ_PARENT","CREATED_BY","ID_SEQ_PARENT","0","2,673,470"
"RIGHTS.RIG_TREE_RIGHTS","2,716,681","LAST_UPDATED_BY , RIG_TST_ID_SEQ","LAST_UPDATED_BY","RIG_TST_ID_SEQ","0","2,716,681"
"RIGHTS.RIG_TREE_RIGHTS","2,716,681","LAST_UPDATE_DATE , NODE_ID_SEQ","LAST_UPDATE_DATE","NODE_ID_SEQ","0","1,505,987"
"RIGHTS.RIG_TREE_RIGHTS","2,716,681","LAST_UPDATE_DATE , RIG_TIR_ID_SEQ","LAST_UPDATE_DATE","RIG_TIR_ID_SEQ","0","2,716,681"
"RIGHTS.RIG_TREE_RIGHTS","2,716,681","LAST_UPDATE_DATE , RIG_TST_ID_SEQ","LAST_UPDATE_DATE","RIG_TST_ID_SEQ","0","2,716,681"
"RIGHTS.RIG_TREE_RIGHTS","2,716,681","NODE_ID_SEQ , RIG_TIR_ID_SEQ","NODE_ID_SEQ","RIG_TIR_ID_SEQ","0","1,505,987"
"RIGHTS.RIG_TREE_RIGHTS","2,716,681","NODE_ID_SEQ , RIG_TST_ID_SEQ","NODE_ID_SEQ","RIG_TST_ID_SEQ","0","1,505,987"
"RIGHTS.RIG_TREE_RIGHTS","2,716,681","RIG_TIR_ID_SEQ , RIG_TST_ID_SEQ","RIG_TIR_ID_SEQ","RIG_TST_ID_SEQ","0","2,716,681"
"RIGHTS.RIG_TREE_RIGHTS","2,716,681","CREATED_BY , LAST_UPDATED_BY","CREATED_BY","LAST_UPDATED_BY","0","2,716,681"
"RIGHTS.RIG_TREE_RIGHTS","2,716,681","CREATED_BY , LAST_UPDATE_DATE","CREATED_BY","LAST_UPDATE_DATE","0","2,716,681"
"RIGHTS.RIG_TREE_RIGHTS","2,716,681","CREATED_BY , NODE_ID_SEQ","CREATED_BY","NODE_ID_SEQ","0","1,505,987"
"RIGHTS.RIG_TREE_RIGHTS","2,716,681","CREATED_BY , RIG_TIR_ID_SEQ","CREATED_BY","RIG_TIR_ID_SEQ","0","2,716,681"
"RIGHTS.RIG_TREE_RIGHTS","2,716,681","CREATED_BY , RIG_TST_ID_SEQ","CREATED_BY","RIG_TST_ID_SEQ","0","2,716,681"
"RIGHTS.RIG_TREE_RIGHTS","2,716,681","CREATION_DATE , ID_SEQ","CREATION_DATE","ID_SEQ","0","2,716,681"
