"OWNER","MVIEW_NAME","COLUMN_NAME","NULLABLE","DATA_TYPE","DATA_DEFAULT","DATA_LENGTH","DATA_PRECISION"
"RIGHTS","GTD_REF_CODES","CREATED_BY","Y","NUMBER","None","22","None"
"RIGHTS","GTD_REF_CODES","CREATION_DATE","Y","DATE","None","7","None"
"RIGHTS","GTD_REF_CODES","LAST_UPDATED_BY","Y","NUMBER","None","22","None"
"RIGHTS","GTD_REF_CODES","LAST_UPDATE_DATE","Y","DATE","None","7","None"
"RIGHTS","GTD_REF_CODES","LAST_UPDATE_LOGIN","Y","NUMBER","None","22","None"
"RIGHTS","GTD_REF_CODES","RV_ABBREVIATION","Y","VARCHAR2","None","240","None"
"RIGHTS","GTD_REF_CODES","RV_DISPLAY_SEQ","Y","NUMBER","None","22","4"
"RIGHTS","GTD_REF_CODES","RV_DOMAIN","N","VARCHAR2","None","100","None"
"RIGHTS","GTD_REF_CODES","RV_HIGH_VALUE","Y","VARCHAR2","None","240","None"
"RIGHTS","GTD_REF_CODES","RV_LOW_VALUE","N","VARCHAR2","None","240","None"
"RIGHTS","GTD_REF_CODES","RV_MEANING","Y","VARCHAR2","None","240","None"
"RIGHTS","GTD_REF_CODES","RV_TYPE","Y","VARCHAR2","None","10","None"
"RIGHTS","GTD_SITE","CREATED_BY","Y","NUMBER","None","22","15"
"RIGHTS","GTD_SITE","CREATION_DATE","Y","DATE","None","7","None"
"RIGHTS","GTD_SITE","DESCRIPTION_ENG","Y","VARCHAR2","None","255","None"
"RIGHTS","GTD_SITE","DESCRIPTION_FRE","Y","VARCHAR2","None","255","None"
"RIGHTS","GTD_SITE","DOMAIN","N","VARCHAR2","None","30","None"
"RIGHTS","GTD_SITE","ID_SEQ","N","NUMBER","None","22","None"
"RIGHTS","GTD_SITE","LAST_UPDATED_BY","Y","NUMBER","None","22","15"
"RIGHTS","GTD_SITE","LAST_UPDATE_DATE","Y","DATE","None","7","None"
"RIGHTS","GTD_SITE_TITLE","CREATED_BY","Y","NUMBER","None","22","15"
"RIGHTS","GTD_SITE_TITLE","CREATION_DATE","Y","DATE","None","7","None"
"RIGHTS","GTD_SITE_TITLE","DATE_CONSUMER","Y","DATE","None","7","None"
"RIGHTS","GTD_SITE_TITLE","DATE_INSTITUTIONAL","Y","DATE","None","7","None"
"RIGHTS","GTD_SITE_TITLE","EXTRACT","Y","VARCHAR2","None","2","None"
"RIGHTS","GTD_SITE_TITLE","FILM","Y","VARCHAR2","None","2","None"
"RIGHTS","GTD_SITE_TITLE","FILM_DESC","Y","VARCHAR2","None","2","None"
"RIGHTS","GTD_SITE_TITLE","GTD_SIT_ID_SEQ","N","NUMBER","None","22","None"
"RIGHTS","GTD_SITE_TITLE","LAST_UPDATED_BY","Y","NUMBER","None","22","15"
"RIGHTS","GTD_SITE_TITLE","LAST_UPDATE_DATE","Y","DATE","None","7","None"
"RIGHTS","GTD_SITE_TITLE","NOTE_CONSUMER","Y","VARCHAR2","None","4000","None"
"RIGHTS","GTD_SITE_TITLE","NOTE_INSTITUTIONAL","Y","VARCHAR2","None","4000","None"
"RIGHTS","GTD_SITE_TITLE","PHOTO","Y","VARCHAR2","None","2","None"
"RIGHTS","GTD_SITE_TITLE","SALE_CONSUMER","Y","VARCHAR2","None","2","None"
"RIGHTS","GTD_SITE_TITLE","SALE_INSTITUTIONAL","Y","VARCHAR2","None","2","None"
"RIGHTS","GTD_SITE_TITLE","SYN_REG_ID_SEQ","N","NUMBER","None","22","None"
"RIGHTS","GTD_SITE_TITLE","TITLE","Y","VARCHAR2","None","2","None"
"RIGHTS","GTP_SITE_TITLE","CREATED_BY","Y","NUMBER","None","22","15"
"RIGHTS","GTP_SITE_TITLE","CREATION_DATE","Y","DATE","None","7","None"
"RIGHTS","GTP_SITE_TITLE","DATE_CONSUMER","Y","DATE","None","7","None"
"RIGHTS","GTP_SITE_TITLE","DATE_INSTITUTIONAL","Y","DATE","None","7","None"
"RIGHTS","GTP_SITE_TITLE","EXTRACT","Y","VARCHAR2","Null","2","None"
"RIGHTS","GTP_SITE_TITLE","FILM","Y","VARCHAR2","Null","2","None"
"RIGHTS","GTP_SITE_TITLE","FILM_DESC","Y","VARCHAR2","Null","2","None"
"RIGHTS","GTP_SITE_TITLE","GTD_SIT_ID_SEQ","N","NUMBER","None","22","None"
"RIGHTS","GTP_SITE_TITLE","LAST_UPDATED_BY","Y","NUMBER","None","22","15"
"RIGHTS","GTP_SITE_TITLE","LAST_UPDATE_DATE","Y","DATE","None","7","None"
"RIGHTS","GTP_SITE_TITLE","PHOTO","Y","VARCHAR2","Null","2","None"
"RIGHTS","GTP_SITE_TITLE","SALE_CONSUMER","Y","VARCHAR2","Null","2","None"
"RIGHTS","GTP_SITE_TITLE","SALE_INSTITUTIONAL","Y","VARCHAR2","Null","2","None"
"RIGHTS","GTP_SITE_TITLE","SYN_REG_ID_SEQ","N","NUMBER","None","22","None"
"RIGHTS","GTP_SITE_TITLE","TITLE","Y","VARCHAR2","Null","2","None"
"RIGHTS","RIG_CONTRACT","AMENDMENT_NO","N","NUMBER","None","22","2"
"RIGHTS","RIG_CONTRACT","CONTRACT_NO","N","NUMBER","None","22","15"
"RIGHTS","RIG_CONTRACT","CONTRACT_NOTE","Y","VARCHAR2","None","4000","None"
"RIGHTS","RIG_CONTRACT","CONTRACT_REFERENCE","Y","VARCHAR2","None","100","None"
"RIGHTS","RIG_CONTRACT","CONTRACT_SALE_TYPE","N","VARCHAR2","None","30","None"
"RIGHTS","RIG_CONTRACT","CONTRACT_STATUS","N","VARCHAR2","None","30","None"
"RIGHTS","RIG_CONTRACT","CREATED_BY","N","NUMBER","None","22","15"
"RIGHTS","RIG_CONTRACT","CREATION_DATE","N","DATE","None","7","None"
"RIGHTS","RIG_CONTRACT","CURR_CODE","N","VARCHAR2","None","15","None"
"RIGHTS","RIG_CONTRACT","CURR_DATE","Y","DATE","None","7","None"
"RIGHTS","RIG_CONTRACT","CURR_RATE","N","NUMBER","None","22","None"
"RIGHTS","RIG_CONTRACT","CURR_TYPE","N","VARCHAR2","None","30","None"
"RIGHTS","RIG_CONTRACT","ID_SEQ","N","NUMBER","None","22","None"
"RIGHTS","RIG_CONTRACT","IND_GEN_BILL","N","VARCHAR2","None","1","None"
"RIGHTS","RIG_CONTRACT","LAST_UPDATED_BY","Y","NUMBER","None","22","15"
"RIGHTS","RIG_CONTRACT","LAST_UPDATE_DATE","Y","DATE","None","7","None"
"RIGHTS","RIG_CONTRACT","RIG_CTP_ID_SEQ","N","NUMBER","None","22","None"
"RIGHTS","RIG_CONTRACT","SIGNED_AT","Y","VARCHAR2","None","60","None"
"RIGHTS","RIG_CONTRACT","SIGNED_DATE","Y","DATE","None","7","None"
"RIGHTS","RIG_CONTRACT","SIGNED_PERSON_ID","Y","NUMBER","None","22","None"
"RIGHTS","RIG_CONTRACT","SIGNED_POSITION_ID","Y","NUMBER","None","22","None"
"RIGHTS","RIG_CONTRACT","TOTAL_AMOUNT","N","NUMBER","None","22","15"
"RIGHTS","RIG_CONTRACT","TOTAL_AMOUNT_CAD","N","NUMBER","None","22","15"
"RIGHTS","RIG_CONTRACT_SECTION","CREATED_BY","N","NUMBER","None","22","15"
"RIGHTS","RIG_CONTRACT_SECTION","CREATION_DATE","N","DATE","None","7","None"
"RIGHTS","RIG_CONTRACT_SECTION","ID_SEQ","N","NUMBER","None","22","None"
"RIGHTS","RIG_CONTRACT_SECTION","LAST_UPDATED_BY","Y","NUMBER","None","22","15"
"RIGHTS","RIG_CONTRACT_SECTION","LAST_UPDATE_DATE","Y","DATE","None","7","None"
"RIGHTS","RIG_CONTRACT_SECTION","RIG_CON_ID_SEQ","Y","NUMBER","None","22","None"
"RIGHTS","RIG_CONTRACT_SECTION","RIG_CTP_ID_SEQ","Y","NUMBER","None","22","None"
"RIGHTS","RIG_CONTRACT_SECTION","RIG_TIR_ID_SEQ","Y","NUMBER","None","22","None"
"RIGHTS","RIG_CONTRACT_SECTION","ROW_TYPE","N","VARCHAR2","None","50","None"
"RIGHTS","RIG_CONTRACT_TYPE","CODE","N","VARCHAR2","None","20","None"
"RIGHTS","RIG_CONTRACT_TYPE","CREATED_BY","N","NUMBER","None","22","15"
"RIGHTS","RIG_CONTRACT_TYPE","CREATION_DATE","N","DATE","None","7","None"
"RIGHTS","RIG_CONTRACT_TYPE","DESCRIPTION","N","VARCHAR2","None","255","None"
"RIGHTS","RIG_CONTRACT_TYPE","END_DATE","Y","DATE","None","7","None"
"RIGHTS","RIG_CONTRACT_TYPE","ID_SEQ","N","NUMBER","None","22","None"
"RIGHTS","RIG_CONTRACT_TYPE","LAST_UPDATED_BY","Y","NUMBER","None","22","15"
"RIGHTS","RIG_CONTRACT_TYPE","LAST_UPDATE_DATE","Y","DATE","None","7","None"
"RIGHTS","RIG_CONTRACT_TYPE","REPORT_NAME_ENG","Y","VARCHAR2","None","8","None"
"RIGHTS","RIG_CONTRACT_TYPE","REPORT_NAME_FRE","Y","VARCHAR2","None","8","None"
"RIGHTS","RIG_CONTRACT_TYPE","SEQ_NAME","N","VARCHAR2","None","60","None"
"RIGHTS","RIG_CONTRACT_TYPE","START_DATE","N","DATE","None","7","None"
"RIGHTS","RIG_CONTRACT_TYPE_TL","CREATED_BY","N","NUMBER","None","22","15"
"RIGHTS","RIG_CONTRACT_TYPE_TL","CREATION_DATE","N","DATE","None","7","None"
"RIGHTS","RIG_CONTRACT_TYPE_TL","DESCRIPTION","N","VARCHAR2","None","255","None"
"RIGHTS","RIG_CONTRACT_TYPE_TL","FND_LAN_NLS_LANGUAGE","N","VARCHAR2","None","30","None"
"RIGHTS","RIG_CONTRACT_TYPE_TL","LAST_UPDATED_BY","Y","NUMBER","None","22","15"
"RIGHTS","RIG_CONTRACT_TYPE_TL","LAST_UPDATE_DATE","Y","DATE","None","7","None"
"RIGHTS","RIG_CONTRACT_TYPE_TL","RIG_CTP_ID_SEQ","N","NUMBER","None","22","None"
"RIGHTS","RIG_DOMAIN","CODE","N","VARCHAR2","None","50","None"
"RIGHTS","RIG_DOMAIN","CREATED_BY","N","NUMBER","None","22","15"
"RIGHTS","RIG_DOMAIN","CREATION_DATE","N","DATE","None","7","None"
"RIGHTS","RIG_DOMAIN","DESCRIPTION","N","VARCHAR2","None","255","None"
"RIGHTS","RIG_DOMAIN","DOMAIN","N","VARCHAR2","None","50","None"
"RIGHTS","RIG_DOMAIN","END_DATE","Y","DATE","None","7","None"
"RIGHTS","RIG_DOMAIN","ID_SEQ","N","NUMBER","None","22","None"
"RIGHTS","RIG_DOMAIN","LAST_UPDATED_BY","Y","NUMBER","None","22","15"
"RIGHTS","RIG_DOMAIN","LAST_UPDATE_DATE","Y","DATE","None","7","None"
"RIGHTS","RIG_DOMAIN","START_DATE","N","DATE","None","7","None"
"RIGHTS","RIG_DOMAIN_TL","CREATED_BY","N","NUMBER","None","22","15"
"RIGHTS","RIG_DOMAIN_TL","CREATION_DATE","N","DATE","None","7","None"
"RIGHTS","RIG_DOMAIN_TL","DESCRIPTION","N","VARCHAR2","None","255","None"
"RIGHTS","RIG_DOMAIN_TL","FND_LAN_NLS_LANGUAGE","N","VARCHAR2","None","30","None"
"RIGHTS","RIG_DOMAIN_TL","LAST_UPDATED_BY","Y","NUMBER","None","22","15"
"RIGHTS","RIG_DOMAIN_TL","LAST_UPDATE_DATE","Y","DATE","None","7","None"
"RIGHTS","RIG_DOMAIN_TL","RIG_DOM_ID_SEQ","N","NUMBER","None","22","None"
"RIGHTS","RIG_EXTEND_TLMS","ELEMENT_ID_SEQ","N","NUMBER","None","22","7"
"RIGHTS","RIG_EXTEND_TLMS","GRP_CODE","N","VARCHAR2","None","1","None"
"RIGHTS","RIG_EXTEND_TLMS","GRP_ID_SEQ","N","NUMBER","None","22","7"
"RIGHTS","RIG_LEAF_CONTRACT","CONTRACT_FEES","N","NUMBER","None","22","10"
"RIGHTS","RIG_LEAF_CONTRACT","CONTRACT_NO","Y","VARCHAR2","None","20","None"
"RIGHTS","RIG_LEAF_CONTRACT","CONTRACT_SIGNED_DT","Y","DATE","None","7","None"
"RIGHTS","RIG_LEAF_CONTRACT","CONTRACT_USE_RIGHTS","N","NUMBER","None","22","10"
"RIGHTS","RIG_LEAF_CONTRACT","CREATED_BY","N","NUMBER","None","22","15"
"RIGHTS","RIG_LEAF_CONTRACT","CREATION_DATE","N","DATE","None","7","None"
"RIGHTS","RIG_LEAF_CONTRACT","CTR_CON_ID_SEQ","Y","NUMBER","None","22","None"
"RIGHTS","RIG_LEAF_CONTRACT","CTR_CTP_ID_SEQ","Y","NUMBER","None","22","None"
"RIGHTS","RIG_LEAF_CONTRACT","CTR_JOB_ID_SEQ","Y","NUMBER","None","22","None"
"RIGHTS","RIG_LEAF_CONTRACT","CTR_RPK_ID_SEQ","Y","NUMBER","None","22","None"
"RIGHTS","RIG_LEAF_CONTRACT","ID_SEQ","N","NUMBER","None","22","None"
"RIGHTS","RIG_LEAF_CONTRACT","IND_LCD","N","VARCHAR2","None","1","None"
"RIGHTS","RIG_LEAF_CONTRACT","LAST_UPDATED_BY","Y","NUMBER","None","22","15"
"RIGHTS","RIG_LEAF_CONTRACT","LAST_UPDATE_DATE","Y","DATE","None","7","None"
"RIGHTS","RIG_LEAF_CONTRACT","RIG_TRI_ID_SEQ","N","NUMBER","None","22","None"
"RIGHTS","RIG_LEAF_CONTRACT","RIG_TRI_ID_SEQ_PARENT","N","NUMBER","None","22","None"
"RIGHTS","RIG_LEAF_DISTRIBUTOR","CORPORATE_NO","Y","VARCHAR2","None","30","None"
"RIGHTS","RIG_LEAF_DISTRIBUTOR","CREATED_BY","N","NUMBER","None","22","15"
"RIGHTS","RIG_LEAF_DISTRIBUTOR","CREATION_DATE","N","DATE","None","7","None"
"RIGHTS","RIG_LEAF_DISTRIBUTOR","CUSTOMER_ID","Y","NUMBER","None","22","None"
"RIGHTS","RIG_LEAF_DISTRIBUTOR","CUSTOMER_SITE_ID","Y","NUMBER","None","22","None"
"RIGHTS","RIG_LEAF_DISTRIBUTOR","EMAIL","Y","VARCHAR2","None","100","None"
"RIGHTS","RIG_LEAF_DISTRIBUTOR","FAX_NO","Y","VARCHAR2","None","30","None"
"RIGHTS","RIG_LEAF_DISTRIBUTOR","GST_NO","Y","VARCHAR2","None","30","None"
"RIGHTS","RIG_LEAF_DISTRIBUTOR","ID_SEQ","N","NUMBER","None","22","None"
"RIGHTS","RIG_LEAF_DISTRIBUTOR","LAST_UPDATED_BY","Y","NUMBER","None","22","15"
"RIGHTS","RIG_LEAF_DISTRIBUTOR","LAST_UPDATE_DATE","Y","DATE","None","7","None"
"RIGHTS","RIG_LEAF_DISTRIBUTOR","REPRESENTED_BY","N","VARCHAR2","None","60","None"
"RIGHTS","RIG_LEAF_DISTRIBUTOR","RIG_TRI_ID_SEQ","N","NUMBER","None","22","None"
"RIGHTS","RIG_LEAF_DISTRIBUTOR","RIG_TRI_ID_SEQ_PARENT","N","NUMBER","None","22","None"
"RIGHTS","RIG_LEAF_DISTRIBUTOR","SIGN_NAME","N","VARCHAR2","None","60","None"
"RIGHTS","RIG_LEAF_DISTRIBUTOR","SIGN_TITLE","Y","VARCHAR2","None","60","None"
"RIGHTS","RIG_LEAF_DISTRIBUTOR","TEL_NO","Y","VARCHAR2","None","30","None"
"RIGHTS","RIG_LEAF_DISTRIBUTOR","UNDEF_ADDRESS","Y","VARCHAR2","None","300","None"
"RIGHTS","RIG_LEAF_DISTRIBUTOR","UNDEF_IND","N","VARCHAR2","None","1","None"
"RIGHTS","RIG_LEAF_MARKET","CREATED_BY","N","NUMBER","None","22","15"
"RIGHTS","RIG_LEAF_MARKET","CREATION_DATE","N","DATE","None","7","None"
"RIGHTS","RIG_LEAF_MARKET","EXHIBITION_DAY","Y","NUMBER","None","22","5"
"RIGHTS","RIG_LEAF_MARKET","ID_SEQ","N","NUMBER","None","22","None"
"RIGHTS","RIG_LEAF_MARKET","LAST_UPDATED_BY","Y","NUMBER","None","22","15"
"RIGHTS","RIG_LEAF_MARKET","LAST_UPDATE_DATE","Y","DATE","None","7","None"
"RIGHTS","RIG_LEAF_MARKET","NOTE","Y","VARCHAR2","None","500","None"
"RIGHTS","RIG_LEAF_MARKET","QUANTITY","Y","NUMBER","None","22","9"
"RIGHTS","RIG_LEAF_MARKET","REPARTITION_AMT","N","NUMBER","None","22","10"
"RIGHTS","RIG_LEAF_MARKET","REPARTITION_PCT","N","NUMBER","None","22","5"
"RIGHTS","RIG_LEAF_MARKET","RIG_MAR_ID_SEQ","Y","NUMBER","None","22","None"
"RIGHTS","RIG_LEAF_MARKET","RIG_SMK_ID_SEQ","Y","NUMBER","None","22","None"
"RIGHTS","RIG_LEAF_MARKET","RIG_TRI_ID_SEQ","N","NUMBER","None","22","None"
"RIGHTS","RIG_LEAF_MARKET","RIG_TRI_ID_SEQ_PARENT","N","NUMBER","None","22","None"
"RIGHTS","RIG_LEAF_QTY_CONSTRAINT","CREATED_BY","N","NUMBER","None","22","15"
"RIGHTS","RIG_LEAF_QTY_CONSTRAINT","CREATION_DATE","N","DATE","None","7","None"
"RIGHTS","RIG_LEAF_QTY_CONSTRAINT","ID_SEQ","N","NUMBER","None","22","None"
"RIGHTS","RIG_LEAF_QTY_CONSTRAINT","LAST_UPDATED_BY","Y","NUMBER","None","22","15"
"RIGHTS","RIG_LEAF_QTY_CONSTRAINT","LAST_UPDATE_DATE","Y","DATE","None","7","None"
"RIGHTS","RIG_LEAF_QTY_CONSTRAINT","NB_UNIT","N","NUMBER","None","22","7"
"RIGHTS","RIG_LEAF_QTY_CONSTRAINT","RIG_TRI_ID_SEQ","N","NUMBER","None","22","None"
"RIGHTS","RIG_LEAF_QTY_CONSTRAINT","RIG_TRI_ID_SEQ_PARENT","N","NUMBER","None","22","None"
"RIGHTS","RIG_LEAF_RIGHT_HOLDER","CREATED_BY","N","NUMBER","None","22","15"
"RIGHTS","RIG_LEAF_RIGHT_HOLDER","CREATION_DATE","N","DATE","None","7","None"
"RIGHTS","RIG_LEAF_RIGHT_HOLDER","ID_SEQ","N","NUMBER","None","22","None"
"RIGHTS","RIG_LEAF_RIGHT_HOLDER","LAST_UPDATED_BY","Y","NUMBER","None","22","15"
"RIGHTS","RIG_LEAF_RIGHT_HOLDER","LAST_UPDATE_DATE","Y","DATE","None","7","None"
"RIGHTS","RIG_LEAF_RIGHT_HOLDER","RIGHT_HOLDER_NAME","N","VARCHAR2","None","240","None"
"RIGHTS","RIG_LEAF_RIGHT_HOLDER","RIG_TRI_ID_SEQ","N","NUMBER","None","22","None"
"RIGHTS","RIG_LEAF_RIGHT_HOLDER","RIG_TRI_ID_SEQ_PARENT","N","NUMBER","None","22","None"
"RIGHTS","RIG_LEAF_RIGHT_HOLDER","RIG_VDS_ID_SEQ","Y","NUMBER","None","22","None"
"RIGHTS","RIG_LEAF_RIGHT_HOLDER","RIG_VEN_ID_SEQ","Y","NUMBER","None","22","None"
"RIGHTS","RIG_LEAF_RIGHT_HOLDER","UNDEF_RIGHT_HOLDER","Y","VARCHAR2","None","240","None"
"RIGHTS","RIG_LEAF_SALE_QUALIFIER","CARTESIAN_PRODUCT","Y","NUMBER","None","22","None"
"RIGHTS","RIG_LEAF_SALE_QUALIFIER","CREATED_BY","N","NUMBER","None","22","15"
"RIGHTS","RIG_LEAF_SALE_QUALIFIER","CREATION_DATE","N","DATE","None","7","None"
"RIGHTS","RIG_LEAF_SALE_QUALIFIER","DATE_RELEASED","Y","DATE","None","7","None"
"RIGHTS","RIG_LEAF_SALE_QUALIFIER","DATE_RESERVED","Y","DATE","None","7","None"
"RIGHTS","RIG_LEAF_SALE_QUALIFIER","DATE_VALIDATED","Y","DATE","None","7","None"
"RIGHTS","RIG_LEAF_SALE_QUALIFIER","DURATION_DAYS","Y","NUMBER","None","22","10"
"RIGHTS","RIG_LEAF_SALE_QUALIFIER","DURATION_NB","N","NUMBER","None","22","5"
"RIGHTS","RIG_LEAF_SALE_QUALIFIER","DURATION_TYPE","N","VARCHAR2","None","30","None"
"RIGHTS","RIG_LEAF_SALE_QUALIFIER","END_DATE","Y","DATE","None","7","None"
"RIGHTS","RIG_LEAF_SALE_QUALIFIER","ID_SEQ","N","NUMBER","None","22","None"
"RIGHTS","RIG_LEAF_SALE_QUALIFIER","IND_BYPASS","Y","VARCHAR2","None","1","None"
"RIGHTS","RIG_LEAF_SALE_QUALIFIER","LAST_UPDATED_BY","Y","NUMBER","None","22","15"
"RIGHTS","RIG_LEAF_SALE_QUALIFIER","LAST_UPDATE_DATE","Y","DATE","None","7","None"
"RIGHTS","RIG_LEAF_SALE_QUALIFIER","NB_DAYS_RESERVED","Y","NUMBER","None","22","10"
"RIGHTS","RIG_LEAF_SALE_QUALIFIER","RIG_TRI_ID_SEQ","N","NUMBER","None","22","None"
"RIGHTS","RIG_LEAF_SALE_QUALIFIER","RIG_TRI_ID_SEQ_PARENT","N","NUMBER","None","22","None"
"RIGHTS","RIG_LEAF_SALE_QUALIFIER","SALE_TYPE","N","VARCHAR2","None","30","None"
"RIGHTS","RIG_LEAF_SALE_QUALIFIER","START_DATE","N","DATE","None","7","None"
"RIGHTS","RIG_LEAF_SUPPORT","ACQUISITION_COST","Y","NUMBER","None","22","5"
"RIGHTS","RIG_LEAF_SUPPORT","CREATED_BY","N","NUMBER","None","22","15"
"RIGHTS","RIG_LEAF_SUPPORT","CREATION_DATE","N","DATE","None","7","None"
"RIGHTS","RIG_LEAF_SUPPORT","ID_SEQ","N","NUMBER","None","22","None"
"RIGHTS","RIG_LEAF_SUPPORT","LAST_UPDATED_BY","Y","NUMBER","None","22","15"
"RIGHTS","RIG_LEAF_SUPPORT","LAST_UPDATE_DATE","Y","DATE","None","7","None"
"RIGHTS","RIG_LEAF_SUPPORT","NOTE","Y","VARCHAR2","None","500","None"
"RIGHTS","RIG_LEAF_SUPPORT","QUANTITY","Y","NUMBER","None","22","9"
"RIGHTS","RIG_LEAF_SUPPORT","RIG_SSU_ID_SEQ","Y","NUMBER","None","22","None"
"RIGHTS","RIG_LEAF_SUPPORT","RIG_SUP_ID_SEQ","Y","NUMBER","None","22","None"
"RIGHTS","RIG_LEAF_SUPPORT","RIG_TRI_ID_SEQ","N","NUMBER","None","22","None"
"RIGHTS","RIG_LEAF_SUPPORT","RIG_TRI_ID_SEQ_PARENT","N","NUMBER","None","22","None"
"RIGHTS","RIG_LEAF_SUPPORT","SUG_RETAIL_PRICE","Y","NUMBER","None","22","5"
"RIGHTS","RIG_LEAF_TERRITORY","CREATED_BY","N","NUMBER","None","22","15"
"RIGHTS","RIG_LEAF_TERRITORY","CREATION_DATE","N","DATE","None","7","None"
"RIGHTS","RIG_LEAF_TERRITORY","ID_SEQ","N","NUMBER","None","22","None"
"RIGHTS","RIG_LEAF_TERRITORY","LAST_UPDATED_BY","Y","NUMBER","None","22","15"
"RIGHTS","RIG_LEAF_TERRITORY","LAST_UPDATE_DATE","Y","DATE","None","7","None"
"RIGHTS","RIG_LEAF_TERRITORY","NOTE","Y","VARCHAR2","None","500","None"
"RIGHTS","RIG_LEAF_TERRITORY","RIG_SLA_ID_SEQ","Y","NUMBER","None","22","None"
"RIGHTS","RIG_LEAF_TERRITORY","RIG_STE_ID_SEQ","Y","NUMBER","None","22","None"
"RIGHTS","RIG_LEAF_TERRITORY","RIG_TRI_ID_SEQ","N","NUMBER","None","22","None"
"RIGHTS","RIG_LEAF_TERRITORY","RIG_TRI_ID_SEQ_PARENT","N","NUMBER","None","22","None"
"RIGHTS","RIG_LEAF_TERRITORY","SYN_LAN_ID_SEQ","Y","NUMBER","None","22","None"
"RIGHTS","RIG_LEAF_TERRITORY","SYN_TER_ID_SEQ","Y","NUMBER","None","22","None"
"RIGHTS","RIG_LEAF_TIME_CONSTRAINT","CREATED_BY","N","NUMBER","None","22","15"
"RIGHTS","RIG_LEAF_TIME_CONSTRAINT","CREATION_DATE","N","DATE","None","7","None"
"RIGHTS","RIG_LEAF_TIME_CONSTRAINT","DURATION_DAYS","Y","NUMBER","None","22","10"
"RIGHTS","RIG_LEAF_TIME_CONSTRAINT","DURATION_NB","N","NUMBER","None","22","5"
"RIGHTS","RIG_LEAF_TIME_CONSTRAINT","DURATION_TYPE","N","VARCHAR2","None","30","None"
"RIGHTS","RIG_LEAF_TIME_CONSTRAINT","END_DATE","Y","DATE","None","7","None"
"RIGHTS","RIG_LEAF_TIME_CONSTRAINT","EXT_BASE_ON","Y","VARCHAR2","None","30","None"
"RIGHTS","RIG_LEAF_TIME_CONSTRAINT","EXT_DURATION_NB","Y","NUMBER","None","22","5"
"RIGHTS","RIG_LEAF_TIME_CONSTRAINT","EXT_DURATION_TYPE","Y","VARCHAR2","None","30","None"
"RIGHTS","RIG_LEAF_TIME_CONSTRAINT","EXT_END_DATE","Y","DATE","None","7","None"
"RIGHTS","RIG_LEAF_TIME_CONSTRAINT","EXT_IND","N","VARCHAR2","None","1","None"
"RIGHTS","RIG_LEAF_TIME_CONSTRAINT","EXT_PROFIT_PCT","Y","NUMBER","None","22","5"
"RIGHTS","RIG_LEAF_TIME_CONSTRAINT","EXT_START_DATE","Y","DATE","None","7","None"
"RIGHTS","RIG_LEAF_TIME_CONSTRAINT","ID_SEQ","N","NUMBER","None","22","None"
"RIGHTS","RIG_LEAF_TIME_CONSTRAINT","LAST_UPDATED_BY","Y","NUMBER","None","22","15"
"RIGHTS","RIG_LEAF_TIME_CONSTRAINT","LAST_UPDATE_DATE","Y","DATE","None","7","None"
"RIGHTS","RIG_LEAF_TIME_CONSTRAINT","RIG_TRI_ID_SEQ","N","NUMBER","None","22","None"
"RIGHTS","RIG_LEAF_TIME_CONSTRAINT","RIG_TRI_ID_SEQ_PARENT","N","NUMBER","None","22","None"
"RIGHTS","RIG_LEAF_TIME_CONSTRAINT","START_DATE","N","DATE","None","7","None"
"RIGHTS","RIG_LEAF_TITLE","ADVANCE_AMT","N","NUMBER","None","22","10"
"RIGHTS","RIG_LEAF_TITLE","CREATED_BY","N","NUMBER","None","22","15"
"RIGHTS","RIG_LEAF_TITLE","CREATION_DATE","N","DATE","None","7","None"
"RIGHTS","RIG_LEAF_TITLE","ID_SEQ","N","NUMBER","None","22","None"
"RIGHTS","RIG_LEAF_TITLE","LAST_UPDATED_BY","Y","NUMBER","None","22","15"
"RIGHTS","RIG_LEAF_TITLE","LAST_UPDATE_DATE","Y","DATE","None","7","None"
"RIGHTS","RIG_LEAF_TITLE","RIG_TRI_ID_SEQ","N","NUMBER","None","22","None"
"RIGHTS","RIG_LEAF_TITLE","RIG_TRI_ID_SEQ_PARENT","N","NUMBER","None","22","None"
"RIGHTS","RIG_LEAF_TITLE","SYN_REG_ID_SEQ","N","NUMBER","None","22","None"
"RIGHTS","RIG_MARKET","CODE","N","VARCHAR2","None","30","None"
"RIGHTS","RIG_MARKET","CREATED_BY","N","NUMBER","None","22","15"
"RIGHTS","RIG_MARKET","CREATION_DATE","N","DATE","None","7","None"
"RIGHTS","RIG_MARKET","DESCRIPTION","N","VARCHAR2","None","255","None"
"RIGHTS","RIG_MARKET","END_DATE","Y","DATE","None","7","None"
"RIGHTS","RIG_MARKET","ID_SEQ","N","NUMBER","None","22","None"
"RIGHTS","RIG_MARKET","LAST_UPDATED_BY","Y","NUMBER","None","22","15"
"RIGHTS","RIG_MARKET","LAST_UPDATE_DATE","Y","DATE","None","7","None"
"RIGHTS","RIG_MARKET","RIG_MAR_ID_SEQ","Y","NUMBER","None","22","None"
"RIGHTS","RIG_MARKET","START_DATE","N","DATE","None","7","None"
"RIGHTS","RIG_MARKET_EXTEND","CREATED_BY","N","NUMBER","None","22","15"
"RIGHTS","RIG_MARKET_EXTEND","CREATION_DATE","N","DATE","None","7","None"
"RIGHTS","RIG_MARKET_EXTEND","IND_HEADER","N","VARCHAR2","None","1","None"
"RIGHTS","RIG_MARKET_EXTEND","LAST_UPDATED_BY","Y","NUMBER","None","22","15"
"RIGHTS","RIG_MARKET_EXTEND","LAST_UPDATE_DATE","Y","DATE","None","7","None"
"RIGHTS","RIG_MARKET_EXTEND","LEVEL_NO","N","NUMBER","None","22","4"
"RIGHTS","RIG_MARKET_EXTEND","RIG_MAR_ID_SEQ","N","NUMBER","None","22","None"
"RIGHTS","RIG_MARKET_EXTEND","RIG_MAR_ID_SEQ_LIST","N","NUMBER","None","22","None"
"RIGHTS","RIG_MARKET_EXTEND","SEQ_NO","N","NUMBER","None","22","10"
"RIGHTS","RIG_MARKET_TL","CREATED_BY","Y","NUMBER","None","22","15"
"RIGHTS","RIG_MARKET_TL","CREATION_DATE","Y","DATE","None","7","None"
"RIGHTS","RIG_MARKET_TL","DESCRIPTION","Y","VARCHAR2","None","255","None"
"RIGHTS","RIG_MARKET_TL","FND_LAN_NLS_LANGUAGE","N","VARCHAR2","None","30","None"
"RIGHTS","RIG_MARKET_TL","LAST_UPDATED_BY","Y","NUMBER","None","22","15"
"RIGHTS","RIG_MARKET_TL","LAST_UPDATE_DATE","Y","DATE","None","7","None"
"RIGHTS","RIG_MARKET_TL","RIG_MAR_ID_SEQ","N","NUMBER","None","22","None"
"RIGHTS","RIG_SET_MARKET","CODE","Y","VARCHAR2","None","30","None"
"RIGHTS","RIG_SET_MARKET","CREATED_BY","Y","NUMBER","None","22","15"
"RIGHTS","RIG_SET_MARKET","CREATION_DATE","Y","DATE","None","7","None"
"RIGHTS","RIG_SET_MARKET","DESCRIPTION","Y","VARCHAR2","None","255","None"
"RIGHTS","RIG_SET_MARKET","END_DATE","Y","DATE","None","7","None"
"RIGHTS","RIG_SET_MARKET","ID_SEQ","N","NUMBER","None","22","None"
"RIGHTS","RIG_SET_MARKET","LAST_UPDATED_BY","Y","NUMBER","None","22","15"
"RIGHTS","RIG_SET_MARKET","LAST_UPDATE_DATE","Y","DATE","None","7","None"
"RIGHTS","RIG_SET_MARKET","NOTE","Y","VARCHAR2","None","2000","None"
"RIGHTS","RIG_SET_MARKET","START_DATE","Y","DATE","None","7","None"
"RIGHTS","RIG_SET_MARKET","USAGE","Y","VARCHAR2","None","1","None"
"RIGHTS","RIG_SET_MARKET_LIST","CREATED_BY","Y","NUMBER","None","22","15"
"RIGHTS","RIG_SET_MARKET_LIST","CREATION_DATE","Y","DATE","None","7","None"
"RIGHTS","RIG_SET_MARKET_LIST","LAST_UPDATED_BY","Y","NUMBER","None","22","15"
"RIGHTS","RIG_SET_MARKET_LIST","LAST_UPDATE_DATE","Y","DATE","None","7","None"
"RIGHTS","RIG_SET_MARKET_LIST","RIG_MAR_ID_SEQ","N","NUMBER","None","22","None"
"RIGHTS","RIG_SET_MARKET_LIST","RIG_SMK_ID_SEQ","N","NUMBER","None","22","None"
"RIGHTS","RIG_SET_MARKET_LIST","SET_OPERATOR","Y","VARCHAR2","None","30","None"
"RIGHTS","RIG_SUPPORT","CODE","N","VARCHAR2","None","30","None"
"RIGHTS","RIG_SUPPORT","CREATED_BY","N","NUMBER","None","22","15"
"RIGHTS","RIG_SUPPORT","CREATION_DATE","N","DATE","None","7","None"
"RIGHTS","RIG_SUPPORT","DESCRIPTION","N","VARCHAR2","None","255","None"
"RIGHTS","RIG_SUPPORT","END_DATE","Y","DATE","None","7","None"
"RIGHTS","RIG_SUPPORT","ID_SEQ","N","NUMBER","None","22","None"
"RIGHTS","RIG_SUPPORT","LAST_UPDATED_BY","Y","NUMBER","None","22","15"
"RIGHTS","RIG_SUPPORT","LAST_UPDATE_DATE","Y","DATE","None","7","None"
"RIGHTS","RIG_SUPPORT","PRODUCT_CODE","Y","VARCHAR2","None","3","None"
"RIGHTS","RIG_SUPPORT","START_DATE","N","DATE","None","7","None"
"RIGHTS","RIG_SUPPORT_TL","CREATED_BY","N","NUMBER","None","22","15"
"RIGHTS","RIG_SUPPORT_TL","CREATION_DATE","N","DATE","None","7","None"
"RIGHTS","RIG_SUPPORT_TL","DESCRIPTION","N","VARCHAR2","None","255","None"
"RIGHTS","RIG_SUPPORT_TL","FND_LAN_NLS_LANGUAGE","N","VARCHAR2","None","30","None"
"RIGHTS","RIG_SUPPORT_TL","LAST_UPDATED_BY","Y","NUMBER","None","22","15"
"RIGHTS","RIG_SUPPORT_TL","LAST_UPDATE_DATE","Y","DATE","None","7","None"
"RIGHTS","RIG_SUPPORT_TL","RIG_SUP_ID_SEQ","N","NUMBER","None","22","None"
"RIGHTS","RIG_TITLE_RELATIONS","CREATED_BY","Y","NUMBER","None","22","15"
"RIGHTS","RIG_TITLE_RELATIONS","CREATION_DATE","Y","DATE","None","7","None"
"RIGHTS","RIG_TITLE_RELATIONS","ID_SEQ","N","NUMBER","None","22","None"
"RIGHTS","RIG_TITLE_RELATIONS","LAST_UPDATED_BY","Y","NUMBER","None","22","15"
"RIGHTS","RIG_TITLE_RELATIONS","LAST_UPDATE_DATE","Y","DATE","None","7","None"
"RIGHTS","RIG_TITLE_RELATIONS","RIG_TIR_ID_SEQ","N","NUMBER","None","22","None"
"RIGHTS","RIG_TITLE_RELATIONS","SYN_REG_ID_SEQ","N","NUMBER","None","22","None"
"RIGHTS","RIG_TITLE_RELATIONS","TYPE_RELATION","N","VARCHAR2","None","30","None"
"RIGHTS","RIG_TREE_STRUCTURE","BRANCH_CODE","N","VARCHAR2","None","30","None"
"RIGHTS","RIG_TREE_STRUCTURE","BRANCH_NAME","N","VARCHAR2","None","100","None"
"RIGHTS","RIG_TREE_STRUCTURE","CREATED_BY","N","NUMBER","None","22","15"
"RIGHTS","RIG_TREE_STRUCTURE","CREATION_DATE","N","DATE","None","7","None"
"RIGHTS","RIG_TREE_STRUCTURE","DISPLAY_SEQ","N","NUMBER","None","22","4"
"RIGHTS","RIG_TREE_STRUCTURE","ID_SEQ","N","NUMBER","None","22","None"
"RIGHTS","RIG_TREE_STRUCTURE","ID_SEQ_PARENT","Y","NUMBER","None","22","None"
"RIGHTS","RIG_TREE_STRUCTURE","IND_AUTO_POPULATE","N","VARCHAR2","None","1","None"
"RIGHTS","RIG_TREE_STRUCTURE","IND_DELETE","N","VARCHAR2","None","1","None"
"RIGHTS","RIG_TREE_STRUCTURE","LAST_UPDATED_BY","Y","NUMBER","None","22","15"
"RIGHTS","RIG_TREE_STRUCTURE","LAST_UPDATE_DATE","Y","DATE","None","7","None"
"RIGHTS","RIG_TREE_STRUCTURE","MAX_LEAF","N","NUMBER","None","22","5"
"RIGHTS","RIG_TREE_STRUCTURE","RIG_CTP_ID_SEQ","Y","NUMBER","None","22","None"
"RIGHTS","RIG_TREE_STRUCTURE","RIG_LFT_ID_SEQ","Y","NUMBER","None","22","None"
"RIGHTS","RIG_TREE_STRUCTURE","ROW_TYPE","N","VARCHAR2","None","20","None"
"RIGHTS","RIG_TREE_STRUCTURE_TL","BRANCH_NAME","N","VARCHAR2","None","255","None"
"RIGHTS","RIG_TREE_STRUCTURE_TL","CREATED_BY","N","NUMBER","None","22","15"
"RIGHTS","RIG_TREE_STRUCTURE_TL","CREATION_DATE","N","DATE","None","7","None"
"RIGHTS","RIG_TREE_STRUCTURE_TL","FND_LAN_NLS_LANGUAGE","N","VARCHAR2","None","30","None"
"RIGHTS","RIG_TREE_STRUCTURE_TL","LAST_UPDATED_BY","Y","NUMBER","None","22","15"
"RIGHTS","RIG_TREE_STRUCTURE_TL","LAST_UPDATE_DATE","Y","DATE","None","7","None"
"RIGHTS","RIG_TREE_STRUCTURE_TL","RIG_TST_ID_SEQ","N","NUMBER","None","22","None"
